"TailNum","count","m_dist","m_delay"
"N0EGMQ",40,1095.25,1.91891891891892
"N10156",317,801.719242902208,8.19935691318328
"N10575",94,631.531914893617,18.1489361702128
"N11106",308,774.980519480519,10.1016393442623
"N11107",345,768.113043478261,8.05278592375367
"N11109",331,772.453172205438,10.28
"N11113",282,772.829787234043,4.05714285714286
"N11119",130,790.238461538462,7.3968253968254
"N11121",333,774.801801801802,6.74085365853659
"N11127",330,792.860606060606,8.41768292682927
"N11137",296,770.77027027027,9.78231292517007
"N11140",194,789.432989690722,10.5904255319149
"N11150",266,799.507518796992,7.41509433962264
"N11155",172,740.575581395349,10.8588235294118
"N11164",188,776.686170212766,6.64171122994652
"N11165",130,760.246153846154,8.96875
"N11176",109,749.706422018349,6.91588785046729
"N11181",197,784.045685279188,13.1658031088083
"N11184",245,782.885714285714,7.47107438016529
"N11187",213,771.258215962441,8.40952380952381
"N11189",220,788.331818181818,8.87096774193548
"N11191",184,771.407608695652,6.55494505494505
"N11192",257,762.5953307393,7.53515625
"N11193",235,769.851063829787,11.0701754385965
"N11194",281,785.925266903915,6.67741935483871
"N11199",275,771.061818181818,8.30147058823529
"N11206",220,1153.96818181818,6.00909090909091
"N11535",290,600.806896551724,8.14893617021277
"N11536",149,601.885906040268,9.30281690140845
"N11539",285,599.157894736842,9.36917562724014
"N11544",92,614.217391304348,7.58241758241758
"N11547",188,623.005319148936,11.1129032258065
"N11548",266,607.46992481203,6.53409090909091
"N11551",117,600.153846153846,9.08849557522124
"N11565",239,629.811715481172,8.63404255319149
"N11612",286,719.804195804196,4.98251748251748
"N11641",232,794.297413793103,5.87826086956522
"N12109",38,1220.55263157895,14.3421052631579
"N12114",52,1223.48076923077,15.7884615384615
"N12116",28,1242.46428571429,9.89285714285714
"N12122",118,773.313559322034,3.28318584070796
"N12125",37,1274.40540540541,13.1081081081081
"N12126",226,780.535398230089,7.97321428571429
"N12135",289,818.60553633218,12.547703180212
"N12136",101,739.950495049505,6.25252525252525
"N12142",197,800.477157360406,10.0051282051282
"N12145",282,779.379432624114,8.23214285714286
"N12157",112,755.848214285714,10.8392857142857
"N12160",166,778.692771084337,5.99393939393939
"N12163",120,789.516666666667,13.0847457627119
"N12166",232,780.663793103448,6.04803493449782
"N12167",194,768.180412371134,9.13541666666667
"N12172",203,759.019704433498,12.345
"N12175",175,774.045714285714,8.79428571428571
"N12195",303,768.831683168317,7.41333333333333
"N12201",315,773.6,7.09554140127389
"N12216",198,1098.48484848485,1.80710659898477
"N12218",255,1117.08235294118,8.66929133858268
"N12221",203,1080.90640394089,6.15270935960591
"N12225",241,1168.58506224066,7.62761506276151
"N12238",235,1135.73617021277,8.59574468085106
"N124US",1,912,23
"N12540",285,602.119298245614,6.17142857142857
"N12552",172,661.575581395349,3.64705882352941
"N12563",171,608.46783625731,12.7882352941176
"N12564",186,566.322580645161,8.52513966480447
"N12567",224,590.392857142857,7.28310502283105
"N12569",158,641.962025316456,10.0891719745223
"N126AT",16,696,14.5625
"N12900",150,617.653333333333,13.1156462585034
"N12921",328,619.393292682927,12.4643962848297
"N12922",310,582.445161290323,7.22653721682848
"N12924",129,613.077519379845,6.6171875
"N12957",192,642.208333333333,12.40625
"N12967",197,607.441624365482,7.97969543147208
"N12996",308,603.029220779221,6.99668874172185
"N13110",30,1286.5,18.8
"N13113",33,1315.36363636364,11.7878787878788
"N13118",326,784.975460122699,9.44582043343653
"N13123",300,737.36,11.1194539249147
"N13124",89,773.584269662921,6.70786516853933
"N13132",197,745.715736040609,8.02061855670103
"N13133",322,780.826086956522,9.59119496855346
"N13138",53,1247.03773584906,5.67307692307692
"N13161",245,766.102040816327,8.77272727272727
"N131EV",66,890.030303030303,12
"N13202",286,799.129370629371,8.67142857142857
"N13248",245,1132.28571428571,5.70491803278689
"N132EV",63,869.555555555556,5.9344262295082
"N133EV",89,887.089887640449,8.91860465116279
"N134EV",77,808.064935064935,16.7402597402597
"N13538",239,572.661087866109,9.33898305084746
"N13550",188,598.021276595745,8.83783783783784
"N13553",269,604.323420074349,7.60754716981132
"N13566",154,576.383116883117,9.96732026143791
"N135EV",82,875.146341463415,15.6172839506173
"N13624",294,744.343537414966,2.72013651877133
"N136EV",60,871,12.6551724137931
"N13716",200,1054.175,4.595
"N13718",251,1054.1593625498,0.552
"N13750",243,1049.86419753086,3.52263374485597
"N137EV",94,888.095744680851,4.69318181818182
"N138EV",86,853.244186046512,9.84523809523809
"N13903",307,613.28338762215,10.8566666666667
"N13908",125,629.616,8.99193548387097
"N13913",333,595.258258258258,8.46461538461539
"N13914",319,614.028213166144,8.03164556962025
"N13949",319,610.573667711599,8.71019108280255
"N13955",298,578.087248322148,4.43537414965986
"N13956",301,603.53488372093,7.27946127946128
"N13958",290,602.551724137931,9.19723183391003
"N13964",351,613.780626780627,9.69075144508671
"N13965",283,578.505300353357,8.66071428571429
"N13968",302,584.254966887417,6.98976109215017
"N13969",292,606.616438356164,8.23693379790941
"N13970",347,595.561959654179,5.11904761904762
"N13975",182,592.884615384615,5.42222222222222
"N13978",245,614.934693877551,13.1111111111111
"N13979",90,643.666666666667,2.96666666666667
"N13988",295,596.15593220339,8.28125
"N13989",217,616.087557603687,11.8028169014085
"N13990",118,563.593220338983,8.36440677966102
"N13992",131,637.977099236641,8.53846153846154
"N13994",192,579.666666666667,6.95135135135135
"N13995",273,601.106227106227,4.33208955223881
"N13997",248,597.689516129032,10.8083333333333
"N14102",40,1270.75,11.8684210526316
"N14105",261,762.624521072797,8.3852140077821
"N14106",35,1274,9.5
"N14107",25,1271.84,11.12
"N14115",34,1331.47058823529,17
"N14116",246,771.743902439024,14.798353909465
"N14117",248,788.786290322581,4.03252032520325
"N14118",44,1260.18181818182,2.63636363636364
"N14120",55,1144.38181818182,10.3888888888889
"N14121",38,1338.05263157895,3.63157894736842
"N14125",282,773.382978723404,10.6571428571429
"N14143",203,736.694581280788,14.2010050251256
"N14148",228,755.013157894737,4.95614035087719
"N14153",132,786.568181818182,7.18939393939394
"N14158",295,794.6,3.81972789115646
"N14162",208,786.076923076923,9.50724637681159
"N14168",220,799.031818181818,11.9862385321101
"N14171",215,759.790697674419,7.62679425837321
"N14173",163,779.20245398773,8.51851851851852
"N14174",228,780.293859649123,11.4266666666667
"N14177",179,780.329608938547,10.1714285714286
"N14179",250,786.012,8.43673469387755
"N14180",277,792.606498194946,9.94852941176471
"N14186",58,750.068965517241,3.2280701754386
"N14188",163,795.865030674847,4.16770186335404
"N14198",226,797.030973451327,13.0266666666667
"N14203",204,779.03431372549,7.12562814070352
"N14204",303,783.379537953795,8.3
"N14214",232,1172.56465517241,4.60606060606061
"N14219",250,1141.16,7.2570281124498
"N14228",209,1128.32535885167,7.11483253588517
"N14230",266,1166.73308270677,7.68796992481203
"N14231",223,1186.20627802691,6.73423423423423
"N14237",251,1144.88844621514,5.68924302788845
"N14242",235,1119.65531914894,8.07264957264957
"N14250",234,1087.68803418803,7.32618025751073
"N14542",133,659.075187969925,9.45112781954887
"N14543",291,611.103092783505,5.7719298245614
"N14558",252,623.007936507937,9.29880478087649
"N14562",151,633.304635761589,4.59060402684564
"N14568",194,575.896907216495,11.6020942408377
"N14570",102,591.088235294118,6.94949494949495
"N14573",248,607.008064516129,9.05714285714286
"N14604",297,748.747474747475,4.04391891891892
"N14613",282,768.787234042553,5.84642857142857
"N14628",283,692.60777385159,3.08214285714286
"N14629",323,723.331269349845,3.69969040247678
"N14639",101,765.376237623762,0.99009900990099
"N14645",278,795.640287769784,2.56834532374101
"N14652",12,706.416666666667,14.5
"N14653",109,756.137614678899,2.63302752293578
"N14704",234,1026.01282051282,0.478632478632479
"N14731",238,1006.55462184874,2.19747899159664
"N14902",263,606.456273764259,8.59533073929961
"N14904",279,624.05017921147,13.6739926739927
"N14905",241,612.439834024896,12.5166666666667
"N14907",179,640.519553072626,7.64
"N14916",205,552.039024390244,6.795
"N14920",163,614.736196319018,10.6335403726708
"N14923",223,612.103139013453,12.7330316742081
"N14950",275,596.254545454545,12.7777777777778
"N14952",287,610.8606271777,8.2112676056338
"N14953",315,584.238095238095,9.10897435897436
"N14959",212,619.811320754717,9.30952380952381
"N14960",275,597.741818181818,6.02247191011236
"N14972",199,585.994974874372,10.8923076923077
"N14974",280,607.817857142857,6.01805054151625
"N14977",305,614.616393442623,7.75254237288136
"N14991",291,593.257731958763,9.41258741258741
"N14993",216,554.194444444444,8.93809523809524
"N14998",237,590.324894514768,5.7801724137931
"N15555",305,611.777049180328,14.0566666666667
"N15572",148,602.351351351351,0.631944444444444
"N15574",105,605.733333333333,7.35238095238095
"N156AW",89,1009,0.359550561797753
"N15710",286,1016.83216783217,2.74475524475524
"N15712",226,989.991150442478,2.55111111111111
"N15910",208,632.307692307692,10.7463414634146
"N15912",239,610.317991631799,6.71063829787234
"N15973",315,606.346031746032,10.0159744408946
"N15980",256,592.578125,7.95564516129032
"N15983",152,563.085526315789,19.4625850340136
"N15985",247,605.453441295547,10.4896265560166
"N15986",259,597.555984555985,9.13671875
"N16112",260,759.75,5.70656370656371
"N16147",300,775.81,9.47796610169492
"N16149",218,765.761467889908,7.81516587677725
"N16151",350,774.917142857143,9.00864553314121
"N16170",67,772.522388059701,20.6515151515152
"N16178",151,768.622516556291,10.7
"N16183",264,764.613636363636,3.7906976744186
"N16217",227,1166.30396475771,3.52212389380531
"N16234",248,1133.4435483871,8.125
"N16541",122,626.450819672131,11.4333333333333
"N16546",132,649.757575757576,7.36923076923077
"N16559",160,676.41875,11.4113924050633
"N16561",152,666.440789473684,9.79470198675497
"N16571",316,600.322784810127,7.73650793650794
"N16617",285,768.414035087719,5.15901060070671
"N16632",275,748.221818181818,6.90909090909091
"N16642",340,761.729411764706,4.9882005899705
"N16646",334,720.347305389222,4.33933933933934
"N16647",337,783.824925816024,1.20178041543027
"N16648",279,754.688172043011,5.49820788530466
"N16649",242,740.334710743802,3.79668049792531
"N16701",276,1049.70289855072,3.81884057971015
"N16703",245,1049.62040816327,1.04489795918367
"N16709",226,1065.87610619469,0.889380530973451
"N16713",225,1018.24888888889,3.49777777777778
"N16732",216,988.212962962963,4.99074074074074
"N167AT",11,696,3.63636363636364
"N168AT",10,696,11.6
"N16911",293,576.337883959044,4.79442508710801
"N16918",301,601.46511627907,5.62962962962963
"N16919",362,579.124309392265,6.8133704735376
"N16951",219,598.205479452055,8.85514018691589
"N16954",355,616.692957746479,5.84149855907781
"N16961",221,632.14479638009,10.6451612903226
"N16963",317,591.842271293375,10.9774919614148
"N16976",417,608.563549160671,4.24087591240876
"N16981",267,590.250936329588,7.33587786259542
"N16987",184,615.429347826087,13.3551912568306
"N16999",254,602.570866141732,6.66393442622951
"N169AT",19,696,12.3333333333333
"N17104",41,1186.82926829268,8.65853658536585
"N17105",45,1352.02222222222,9.57777777777778
"N17108",171,765.333333333333,9.48214285714286
"N17115",269,765.312267657993,13.2121212121212
"N17122",41,1251.19512195122,7.95121951219512
"N17126",46,1360.76086956522,9.33333333333333
"N17128",21,1269.14285714286,4.90476190476191
"N17133",36,1320.27777777778,15.6285714285714
"N17138",307,756.413680781759,10.7777777777778
"N17139",39,1272.07692307692,19.5384615384615
"N17146",342,800.09649122807,8.66568047337278
"N17159",259,792.640926640927,6.45669291338583
"N17169",73,758.986301369863,11.4383561643836
"N17185",256,771.34375,12.184
"N17196",184,784.701086956522,13.7486338797814
"N17229",239,1117.76987447699,10.3682008368201
"N17233",222,1127.68468468468,7.26126126126126
"N17244",260,1150.14615384615,6.98846153846154
"N17245",264,1102.70075757576,5.22348484848485
"N173AT",9,696,6.66666666666667
"N17560",138,596.608695652174,11.2919708029197
"N17614",266,738.736842105263,3.04545454545455
"N17619",272,758.716911764706,3.32592592592593
"N17620",322,779.506211180124,3.58385093167702
"N17627",270,709.385185185185,5.72222222222222
"N176AT",8,696,21.625
"N17719",251,1050.37051792829,4.108
"N17730",256,1043.5625,1.8203125
"N178JB",5,1428,38.4
"N17984",289,591.159169550173,7.95438596491228
"N179JB",8,1428,16
"N18101",160,787.10625,10.3974358974359
"N18102",251,813.888446215139,8.89516129032258
"N18112",30,1348.16666666667,23.5666666666667
"N18114",257,743.758754863813,9.16535433070866
"N18119",48,1124.6875,6.83333333333333
"N18120",292,790.143835616438,8.6401384083045
"N18220",237,1097.62025316456,3.79324894514768
"N18223",254,1114.21653543307,5.14173228346457
"N18243",235,1160.8170212766,7.68803418803419
"N183JB",5,1428,33.8
"N18556",283,625.204946996466,8.8932384341637
"N18557",266,592.496240601504,9.48076923076923
"N18622",299,736.130434782609,3.14864864864865
"N187JB",5,1428,17.2
"N18982",139,647.68345323741,5.31111111111111
"N190JB",7,1428,15.5
"N19117",40,1234.825,17.15
"N19130",45,1362.86666666667,7.71111111111111
"N19136",42,1261.35714285714,8.29268292682927
"N19141",50,1315.28,14.36
"N192JB",7,1428,25
"N19554",327,624.348623853211,9.66457680250784
"N19621",273,761.787545787546,4.06985294117647
"N19623",243,758.172839506173,4.73251028806584
"N19638",251,758.466135458167,2.09236947791165
"N198JB",8,1428,27.5
"N19966",222,623.806306306306,5.6697247706422
"N1EAMQ",72,1164.61111111111,6.46969696969697
"N200WN",50,773.24,5.36734693877551
"N201LV",75,719.226666666667,3.78666666666667
"N202WN",77,739.558441558442,4.11842105263158
"N203JB",8,1428,20.375
"N203WN",51,669.901960784314,4.28571428571429
"N204WN",65,606.323076923077,6.296875
"N205WN",61,739.081967213115,5.44262295081967
"N206JB",10,1428,21.5
"N206WN",56,853.607142857143,9.03571428571429
"N207FR",2,883,18
"N207WN",63,748.349206349206,4.22222222222222
"N208WN",66,639.909090909091,3.51515151515152
"N209WN",72,677.944444444444,4.86111111111111
"N210WN",56,671.642857142857,13.8
"N21108",42,1350.88095238095,15.8095238095238
"N21129",274,779.470802919708,5.93333333333333
"N21130",224,769.330357142857,11.2171945701357
"N21144",158,758.367088607595,7.17197452229299
"N21154",288,787.465277777778,10.6418439716312
"N21197",362,771.71270718232,6.39664804469274
"N211WN",75,678.026666666667,0.933333333333333
"N212WN",51,735.43137254902,4.54901960784314
"N213WN",55,709.163636363636,9.07407407407407
"N214FR",1,883,86
"N214WN",72,597.041666666667,3.84507042253521
"N21537",278,587.003597122302,7.93040293040293
"N215WN",65,677.861538461538,3.48387096774194
"N216WR",45,595.555555555556,2.09302325581395
"N21723",261,1054.98084291188,3.14230769230769
"N217JC",54,751.555555555556,3.53703703703704
"N218WN",71,729.859154929577,6.8
"N219WN",59,701.406779661017,11.5423728813559
"N220WN",68,693.808823529412,18.0588235294118
"N221WN",68,668.705882352941,4.11764705882353
"N222WN",48,686.916666666667,14.3404255319149
"N223WN",73,668.712328767123,9.97260273972603
"N224WN",56,683.660714285714,0.490909090909091
"N225WN",65,678.123076923077,12.3015873015873
"N226WN",75,738.946666666667,9.97222222222222
"N228JB",12,1428,15.8181818181818
"N228WN",84,632.988095238095,8.54320987654321
"N22909",156,610.064102564103,8.68421052631579
"N22971",324,602.225308641975,8.19620253164557
"N229JB",9,1428,1.25
"N229WN",70,726.914285714286,2.81428571428571
"N230WN",58,733.879310344828,4.375
"N23139",183,769.043715846995,9.35555555555556
"N231JB",9,1428,15.5555555555556
"N231WN",58,692.327586206897,4.05172413793103
"N232WN",71,736.464788732394,13.943661971831
"N233LV",74,763.324324324324,2.20833333333333
"N234WN",54,759.185185185185,4.28846153846154
"N236JB",15,1428,0.333333333333333
"N236WN",69,761.289855072464,9.79710144927536
"N23707",210,1027.85714285714,2.05263157894737
"N23708",230,1015.7,4.65217391304348
"N23721",220,1037.03181818182,2.54166666666667
"N237WN",72,699.444444444444,6.91666666666667
"N238JB",6,1428,1
"N238WN",71,695.507042253521,10.9275362318841
"N239WN",66,687.393939393939,3.015625
"N240AT",10,696,9.3
"N240WN",69,631.898550724638,4
"N24103",311,802.180064308682,10.3843648208469
"N24128",204,745.544117647059,8.07425742574257
"N24202",241,1156.95435684647,7.44166666666667
"N24211",223,1145.12107623318,6.5
"N24212",233,1138.88841201717,8.89655172413793
"N24224",264,1149.32196969697,4.79467680608365
"N243WN",78,734.25641025641,11.5454545454545
"N244WN",63,860.666666666667,4.32258064516129
"N245WN",86,712.546511627907,4.37647058823529
"N24633",338,729.281065088757,2.98809523809524
"N246LV",91,648.494505494505,4.81111111111111
"N24702",238,1048.68907563025,4.9662447257384
"N24706",249,1031.48192771084,1.86746987951807
"N24715",243,1029.32098765432,2.22222222222222
"N24729",241,1011.13278008299,1.61666666666667
"N247JB",14,1428,9.38461538461539
"N247WN",70,803.657142857143,6.08571428571429
"N248WN",64,719.21875,6.34920634920635
"N249JB",3,1428,5
"N249WN",65,745.815384615385,1.96825396825397
"N250WN",84,671.369047619048,1.30120481927711
"N25134",318,778.987421383648,6.20253164556962
"N251WN",62,783.403225806452,6.81666666666667
"N252WN",57,779.333333333333,15.8421052631579
"N253WN",64,736.734375,6.40625
"N254WN",71,749.760563380282,6.81428571428571
"N255WN",66,727.757575757576,8.578125
"N256WN",68,711.426470588235,5.91044776119403
"N25705",243,1001.57201646091,3.72314049586777
"N257WN",67,664.358208955224,14.3484848484848
"N258JB",6,1428,0.333333333333333
"N258WN",71,623.30985915493,1.73239436619718
"N259WN",66,771.530303030303,7.53968253968254
"N260WN",73,750.068493150685,4.48611111111111
"N26141",331,752.259818731118,8.97538461538462
"N261WN",59,682.508474576271,2.8135593220339
"N26208",254,1129.70866141732,8.41732283464567
"N26210",248,1123.51209677419,9.73387096774194
"N26215",201,1155.81094527363,7.22885572139303
"N26226",248,1108.09274193548,7.53629032258065
"N262AA",10,224,13.9
"N262WN",86,613.918604651163,10.2325581395349
"N263WN",77,637.311688311688,8.44155844155844
"N264LV",63,627.269841269841,1.46031746031746
"N26545",184,595.364130434783,9.47513812154696
"N26549",177,577.768361581921,8.68571428571429
"N265JB",6,1428,13.8333333333333
"N265WN",65,729.723076923077,9.98461538461538
"N266JB",13,1428,8
"N266WN",74,723.067567567568,4.32432432432432
"N267JB",13,1428,13.6153846153846
"N267WN",61,667.344262295082,7.85
"N268WN",66,710.757575757576,4.41538461538462
"N269WN",60,806.65,10.55
"N27015",21,1400,11.1428571428571
"N270WN",61,676.360655737705,12.0819672131148
"N27152",310,773.474193548387,10.5847176079734
"N27190",295,791.603389830508,10.4402730375427
"N271LV",50,742.04,1.42
"N27200",232,777.771551724138,8.21739130434783
"N27205",245,1102.11428571429,9.79591836734694
"N27213",223,1120.71748878924,4.67713004484305
"N27239",222,1135.63513513514,4.46153846153846
"N272AT",14,696,8
"N272WN",79,688.886075949367,6.05194805194805
"N273JB",12,1428,29.0909090909091
"N273WN",79,732.645569620253,8.0379746835443
"N27421",217,1176.64516129032,9.09216589861751
"N274JB",6,1428,15.6666666666667
"N274WN",62,700.048387096774,4.12903225806452
"N275WN",45,708.2,6.66666666666667
"N27610",304,735.434210526316,3.51644736842105
"N276AT",16,696,8.5
"N276WN",69,791.507246376812,11.6176470588235
"N27722",239,969.778242677824,4.09205020920502
"N27724",282,1030.48226950355,2.41281138790036
"N27733",228,1002.73684210526,2.55263157894737
"N277WN",68,768.691176470588,3.91176470588235
"N278WN",72,665.152777777778,17.5633802816901
"N27962",286,630.003496503497,5.80281690140845
"N279AT",5,696,14.6
"N279JB",5,1428,7.6
"N279WN",66,756.484848484848,6.73846153846154
"N280WN",59,889.322033898305,6.32203389830508
"N281AT",11,696,8.36363636363636
"N281JB",6,1428,10.6666666666667
"N281WN",74,671.527027027027,4.80821917808219
"N282WN",61,767.27868852459,11.6610169491525
"N283JB",11,1428,2.18181818181818
"N283WN",82,614.158536585366,9.975
"N284WN",73,624.698630136986,1.02739726027397
"N285AT",13,696,16.0769230769231
"N285WN",56,835.714285714286,15.1481481481481
"N286WN",67,622.268656716418,10.0298507462687
"N287WN",76,686.105263157895,9.55405405405405
"N288AT",16,696,0.75
"N288WN",76,657.526315789474,1.78666666666667
"N289AT",6,696,9.33333333333333
"N289CT",71,632.070422535211,3.09859154929577
"N289JB",4,1428,36
"N290WN",73,712.616438356164,7.84722222222222
"N29124",39,1269.89743589744,13.4615384615385
"N29129",50,1370.9,2.55102040816327
"N291AT",8,696,27.25
"N291WN",63,666.968253968254,9.16129032258065
"N292AT",16,696,0.5
"N292WN",58,838.931034482759,13.5172413793103
"N293WN",79,765.620253164557,10.0657894736842
"N294JB",5,1428,46.8
"N294WN",61,790.770491803279,9.40983606557377
"N295AT",4,696,0.25
"N295WN",66,754.19696969697,10.0153846153846
"N296AT",12,696,7.83333333333333
"N296JB",7,1428,3.71428571428571
"N296WN",60,629.866666666667,13.0689655172414
"N29717",244,1040.22131147541,1.48971193415638
"N297WN",56,717.25,6.54545454545455
"N298JB",9,1428,20.6666666666667
"N298WN",58,700.534482758621,5.94827586206897
"N29906",144,593.368055555556,7.32624113475177
"N29917",257,615.190661478599,10.5905511811024
"N299WN",68,611.705882352941,10.0588235294118
"N301NB",13,771.846153846154,19.7692307692308
"N302AS",1,1874,78
"N303SW",106,486.792452830189,4.90476190476191
"N30401",454,1137.98678414097,9.5916114790287
"N305AS",3,1874,59.3333333333333
"N306JB",10,1428,2
"N307JB",8,1428,50.875
"N308SA",121,452.305785123967,12.3471074380165
"N309JB",6,1428,1.16666666666667
"N310SW",99,416.151515151515,11.9278350515464
"N31131",208,750.461538461538,6.3609756097561
"N311AT",6,696,5.16666666666667
"N311US",3,1048,11
"N312AT",13,696,16
"N312SW",20,408.9,19.15
"N312US",3,919,3.33333333333333
"N313AT",13,696,4.23076923076923
"N313SW",29,400.793103448276,15.8148148148148
"N313US",3,1034,4
"N31412",448,1157.51339285714,6.35267857142857
"N314SW",91,442.252747252747,15.1477272727273
"N315AS",2,1874,15
"N315AT",14,696,3.5
"N315NB",14,793.571428571429,3.5
"N315SW",94,452.031914893617,13.8478260869565
"N316JB",18,1428,16.0555555555556
"N316NB",11,857.272727272727,16.0909090909091
"N316SW",110,459.109090909091,9.24770642201835
"N316US",3,689,24
"N317CA",19,951.421052631579,18
"N317JB",11,1428,5.81818181818182
"N317NB",11,857.090909090909,10.6363636363636
"N317WN",125,469.448,11.5833333333333
"N318AS",1,1874,3
"N318JB",8,1428,5.625
"N318NB",9,885.222222222222,0.444444444444444
"N318SW",85,431.976470588235,19.962962962963
"N319NB",7,744.285714285714,5
"N321NB",3,804,3
"N321US",1,689,14
"N322US",4,775.25,8.25
"N323AS",1,1874,16
"N323NB",10,800.9,12.1
"N323SW",109,425.935779816514,8.91666666666667
"N32404",483,1137.7867494824,6.75933609958506
"N324JB",7,1428,8.28571428571429
"N324NB",6,804,7.33333333333333
"N325SW",98,471.867346938775,6.65979381443299
"N32626",335,751.24776119403,2.38138138138138
"N326AT",14,696,6.07142857142857
"N326SW",81,415.246913580247,8.62025316455696
"N326US",1,689,32
"N327NB",12,753.5,14.5
"N327SW",84,461.107142857143,4.65853658536585
"N328AT",11,696,4.36363636363636
"N328NB",5,835.4,95
"N328SW",60,438.55,17.0909090909091
"N329SW",91,469.252747252747,10.5955056179775
"N330AT",15,696,5.53333333333333
"N330SW",62,441.41935483871,7.66101694915254
"N33103",31,1227.51612903226,5.48387096774194
"N33132",48,1228.58333333333,13.8541666666667
"N33182",234,768.675213675214,8.34334763948498
"N331CA",17,983.705882352941,2.06666666666667
"N331NB",2,882.5,3
"N331SW",106,413.179245283019,11.1067961165049
"N33203",224,1132.14732142857,4.54708520179372
"N33209",255,1093.50196078431,6.96862745098039
"N33262",268,1040.36194029851,6.51492537313433
"N33264",284,1053.53169014085,4.85815602836879
"N33266",273,1034.62637362637,2.94871794871795
"N33284",250,1169.152,3.30120481927711
"N33286",238,1165.37394957983,6.47058823529412
"N33289",244,1155.06147540984,5.88524590163934
"N33292",255,1158.02745098039,3.46062992125984
"N33294",212,1130.20283018868,7.66037735849057
"N332AW",95,1009,0.231578947368421
"N332SW",111,444.126126126126,8.10185185185185
"N333NB",10,800.8,6.1
"N333SW",73,470.575342465753,5.57142857142857
"N334JB",2,1428,17
"N334NB",5,835.4,11.8
"N334NW",2,689,3.5
"N334SW",92,485.619565217391,11.3068181818182
"N335NB",9,689,3.44444444444444
"N335SW",106,445.122641509434,7.2952380952381
"N336AT",27,696,18.9259259259259
"N336SW",119,436.201680672269,9.25641025641026
"N33714",241,1016.16182572614,2.94092827004219
"N337SW",102,449.696078431373,12.6060606060606
"N338SW",84,445.416666666667,7.9875
"N339SW",122,458.852459016393,12.0413223140496
"N340LV",108,429.453703703704,13.8761904761905
"N340NW",2,1034,16.5
"N34110",263,788.680608365019,7.15830115830116
"N34111",300,781.18,7.95959595959596
"N34131",58,1245.18965517241,7.74137931034483
"N34137",41,1290,12
"N341NW",1,689,15
"N341SW",122,492.762295081967,9.9327731092437
"N34222",231,1170.24242424242,7.39393939393939
"N34282",254,1164.98031496063,3.69169960474308
"N342NB",17,752.352941176471,0.647058823529412
"N342NW",1,689,31
"N342SW",116,390.387931034483,4.1981981981982
"N343SW",109,449.504587155963,9.6605504587156
"N344AT",9,696,16.5555555555556
"N344NB",16,761.5625,4
"N344SW",86,406.581395348837,6.68674698795181
"N345NB",7,996.714285714286,4.85714285714286
"N345SA",118,402.661016949153,7
"N346NB",13,828.153846153846,6.23076923076923
"N346SW",124,446.758064516129,8.87903225806452
"N347NB",21,725.809523809524,2.05
"N347SW",100,482.06,6.41237113402062
"N348NB",18,710.5,12.0555555555556
"N348NW",1,689,4
"N348SW",128,441.0546875,12.7857142857143
"N349SW",103,442.417475728155,3.7156862745098
"N350NA",3,919,18.6666666666667
"N350SW",120,442.9,6.50420168067227
"N351NW",2,861.5,5
"N351SW",88,494.602272727273,19.406976744186
"N35204",253,1091.48616600791,5.51383399209486
"N35260",259,1111.99613899614,3.4980694980695
"N35271",290,1074.03793103448,7.91034482758621
"N352NB",5,835.2,19.8
"N352SW",100,453.45,8.97
"N353AT",9,696,5.88888888888889
"N353NB",7,787.571428571429,7.85714285714286
"N353SW",113,448.681415929204,7.92792792792793
"N35407",483,1192.83022774327,6.01663201663202
"N354AT",14,696,5.35714285714286
"N354CA",18,906.777777777778,12.5384615384615
"N354SW",120,440.2,9.57522123893805
"N355CA",19,993,6.78571428571429
"N355NW",2,689,0.5
"N355SW",93,461.731182795699,10.7065217391304
"N356NW",1,1034,7
"N356SW",125,420.736,9.26016260162602
"N357NB",22,736.045454545455,15.3636363636364
"N357SW",91,457.736263736264,10.1222222222222
"N358NB",10,800.9,3.8
"N358SW",101,467.544554455446,7.95
"N359NB",5,766.4,34.4
"N359NW",1,689,9
"N359SW",110,483.590909090909,5.16037735849057
"N360NB",26,786.692307692308,9
"N360SW",111,430.126126126126,9.01818181818182
"N361NB",16,732.125,0.25
"N361NW",3,804,2.66666666666667
"N361SW",118,469.805084745763,7.5042735042735
"N36207",236,1101.43220338983,5.03404255319149
"N36247",259,1091.19691119691,6.06563706563707
"N36272",248,1123.21774193548,4.375
"N36280",220,1176.28181818182,3.44090909090909
"N362SW",123,481.991869918699,10.155737704918
"N363SW",118,443.110169491525,7.33628318584071
"N36444",241,1207.80497925311,4.82572614107884
"N364NB",12,746.5,7.91666666666667
"N364SW",110,466.909090909091,15.5092592592593
"N365SW",114,488,12.2920353982301
"N366NB",14,796.571428571429,31.8571428571429
"N366NW",3,804,12.3333333333333
"N366SW",118,444.076271186441,10.6814159292035
"N367CA",4,1154.75,9.75
"N367SW",134,465.037313432836,5.59848484848485
"N368CA",5,1162.8,0.2
"N368NB",10,835.4,1.1
"N368SW",108,424.509259259259,14.1603773584906
"N36915",242,615.582644628099,6.30084745762712
"N369SW",99,491.747474747475,8.30612244897959
"N37018",17,1400,10.1764705882353
"N370NB",17,813.235294117647,1.58823529411765
"N370NW",2,689,27.5
"N370SW",119,466.100840336134,3.42735042735043
"N371NB",11,853.363636363636,15.8181818181818
"N371NW",2,1034,3.5
"N371SW",118,437.220338983051,14.1929824561404
"N37252",276,1068.73913043478,7.25641025641026
"N37253",226,1127.91150442478,6.99555555555556
"N37255",254,1150.13385826772,7.26377952755906
"N37263",278,1120.20143884892,5.42805755395683
"N37267",284,1002.57746478873,4.77464788732394
"N37273",275,1056.79636363636,7.80952380952381
"N37274",268,1035.57089552239,3.44943820224719
"N37277",266,1136.8007518797,5.08301886792453
"N37281",247,1153.1983805668,3.87449392712551
"N37287",243,1175.30864197531,3.84297520661157
"N37290",261,1119.20689655172,5.1264367816092
"N37293",259,1128.38996138996,7.11969111969112
"N37298",267,1127.21348314607,7.03018867924528
"N372SW",112,461.455357142857,7.8411214953271
"N3731T",1,689,135
"N3733Z",1,689,12
"N373SW",88,461.159090909091,5.10344827586207
"N37408",472,1148.25423728814,5.92963752665245
"N37409",490,1123.21020408163,6.16393442622951
"N37413",283,1126.86572438163,6.18794326241135
"N37419",236,1137.18220338983,10.1949152542373
"N37420",269,1163.21933085502,6.68773234200744
"N37422",238,1212.32352941176,7.07563025210084
"N37427",278,1145.91366906475,10.5503597122302
"N3742C",1,689,52
"N37434",250,1158.52,6.76
"N37437",209,1209.34928229665,3.10526315789474
"N3749D",1,1034,2
"N374DA",1,1034,15
"N374SW",94,471.648936170213,11.989247311828
"N375NC",2,861.5,58
"N375SW",90,499.311111111111,10.8555555555556
"N3764D",1,1034,55
"N376CA",19,955.052631578947,22.4444444444444
"N376SW",103,458.883495145631,13.4705882352941
"N3773D",1,689,150
"N377DA",1,689,3
"N377NW",4,1034,3.5
"N378SW",88,390.693181818182,12.046511627907
"N379CA",17,1073.05882352941,8.52941176470588
"N379SW",78,420.628205128205,6.30769230769231
"N380SW",103,480.388349514563,11.8415841584158
"N38257",281,1115.32384341637,5.24285714285714
"N38268",260,1108.43461538462,4.65
"N382SW",87,456.793103448276,12.9166666666667
"N383SW",120,509.125,5.25210084033613
"N38403",475,1140.42736842105,7.50105263157895
"N38417",298,1151.24161073826,7.08417508417508
"N38424",268,1200.64179104478,5.59774436090226
"N38443",263,1199.89733840304,5.26235741444867
"N384SW",94,502.797872340426,7.84782608695652
"N385SW",87,429.459770114943,8.66279069767442
"N386SW",93,458.623655913978,5.92307692307692
"N38727",201,1030.04975124378,4.70646766169154
"N387SW",97,483.855670103093,8.52577319587629
"N388SW",99,509.424242424242,6.24468085106383
"N389SW",126,407.34126984127,8.97560975609756
"N390CA",21,1018.95238095238,11.1428571428571
"N390DA",1,1034,6
"N390SW",117,477.461538461538,5.57522123893805
"N391SW",128,502.6484375,9.088
"N39297",282,1163.44326241135,9.71785714285714
"N392SW",102,423.127450980392,6.4
"N39415",296,1169.57094594595,7.3843537414966
"N39416",256,1088.890625,4.66666666666667
"N39418",230,1113.69130434783,14.4260869565217
"N39423",280,1185.95714285714,4.30714285714286
"N394SW",98,431.734693877551,8.15217391304348
"N395SW",124,460.233870967742,12.7131147540984
"N396SW",126,445.174603174603,11.4758064516129
"N39726",221,1016.84162895928,1.78280542986425
"N39728",231,1027.2683982684,5.58874458874459
"N397SW",133,485.157894736842,9.89922480620155
"N398SW",137,435.598540145985,9.11940298507463
"N399WN",99,440.515151515152,6.1734693877551
"N3AFAA",8,964,11.875
"N3AGAA",12,964,3.08333333333333
"N3ALAA",6,964,7
"N3AUAA",15,964,2.2
"N3AVAA",1,964,27
"N3AYAA",5,964,31.8
"N3BCAA",10,964,3.3
"N3BPAA",9,964,1.22222222222222
"N3BSAA",8,964,13.75
"N3BVAA",7,964,8.42857142857143
"N3BXAA",12,964,5.5
"N3BYAA",10,964,0.3
"N3CEAA",13,964,2.38461538461538
"N3CJAA",5,964,1.8
"N3CPAA",11,964,4.27272727272727
"N3CWAA",9,964,0.333333333333333
"N3CXAA",6,964,31.3333333333333
"N3CYAA",8,964,0.142857142857143
"N3DAAA",13,964,2.75
"N3DCAA",9,964,1.11111111111111
"N3DEAA",7,964,15.7142857142857
"N3DHAA",4,964,10.75
"N3DNAA",5,964,27.8
"N3DRAA",5,964,33.4
"N3DSAA",4,964,2.5
"N3DUAA",10,964,10.8
"N3DVAA",11,964,6.90909090909091
"N3DXAA",3,964,2.33333333333333
"N3DYAA",4,964,5.75
"N3ECAA",7,964,17
"N3EGAA",8,964,2.625
"N3EKAA",5,964,1.8
"N3ENAA",8,964,17.5
"N3ERAA",6,964,0.833333333333333
"N3ESAA",5,964,6.6
"N3EVAA",9,964,11
"N3EWAA",7,858.285714285714,20.5
"N3FBAA",5,964,15
"N3FEAA",9,964,0.111111111111111
"N3FLAA",11,964,16.4
"N3FNAA",5,964,3
"N3FRAA",8,964,3.25
"N3FSAA",7,964,0.428571428571429
"N3FTAA",8,964,19.25
"N3FUAA",7,964,1
"N3GCAA",7,964,25.8571428571429
"N3GKAA",8,964,4.625
"N3GYAA",7,964,1.28571428571429
"N3HBAA",4,964,30
"N3HCAA",4,964,1.75
"N400WN",62,765.129032258065,6.2741935483871
"N401EA",18,691.333333333333,0.277777777777778
"N401WN",77,722.415584415584,6.03896103896104
"N402WN",64,733.4375,4.15625
"N403SW",49,609.244897959184,26.1041666666667
"N403UA",3,1229,16
"N403WN",69,788.68115942029,12.7536231884058
"N404UA",3,1161.66666666667,76.6666666666667
"N404US",47,912.340425531915,0.106382978723404
"N404WN",71,721.760563380282,12.0140845070423
"N405SW",44,573.931818181818,19.8571428571429
"N405US",64,912.46875,12.140625
"N405WN",68,701.367647058824,2.75384615384615
"N406SW",25,655.36,23.52
"N406UA",4,1219.25,11
"N406US",50,912.5,7.82
"N406WN",70,585.8,2.07246376811594
"N407SW",1,984,37
"N407UA",3,925,5.33333333333333
"N407WN",79,663.79746835443,11.7307692307692
"N408UA",2,1280,62.5
"N408WN",64,696.46875,4.96825396825397
"N409UA",4,1264.25,32.25
"N409US",60,912.4,4
"N409WN",53,784.849056603774,9.88679245283019
"N410WN",66,724.575757575758,5.859375
"N41104",295,764.983050847458,11.2673611111111
"N41135",28,1327.57142857143,9.78571428571429
"N41140",36,1221.77777777778,9.33333333333333
"N411UA",6,914.5,21.1666666666667
"N411WN",75,711.506666666667,5.34246575342466
"N412SW",29,667.034482758621,14.8571428571429
"N412WN",59,739.71186440678,10.4827586206897
"N413SW",25,578.48,12.0833333333333
"N413UA",4,975.5,97.75
"N414WN",88,708.852272727273,1.73493975903614
"N415WN",68,699.970588235294,4.5
"N416UA",13,990.307692307692,4.23076923076923
"N417SW",8,651.5,2.5
"N417UA",4,1055.25,37.25
"N417US",54,912.481481481482,0.703703703703704
"N417WN",72,644.055555555556,9
"N418SW",25,795.4,17.56
"N418UA",3,1140.66666666667,31
"N418WN",55,717.890909090909,2.37037037037037
"N419UA",8,926.625,12.75
"N419US",49,912.530612244898,1.10416666666667
"N419WN",64,690.34375,7.20634920634921
"N420UA",8,1153,34.125
"N420US",55,912.363636363636,3.50909090909091
"N420WN",72,669.222222222222,5.93055555555556
"N421LV",57,772.157894736842,0.0175438596491228
"N421UA",3,1101.66666666667,28
"N422UA",6,1140.66666666667,3.33333333333333
"N422WN",77,723.909090909091,10.7105263157895
"N423US",42,912.261904761905,4.19047619047619
"N423WN",68,611.882352941176,3.44117647058824
"N424UA",5,952.8,21.2
"N424US",56,912.517857142857,1.27272727272727
"N424WN",59,727.101694915254,10.1724137931034
"N425AA",11,224,4.90909090909091
"N425LV",66,734.348484848485,5.31818181818182
"N425US",48,912.583333333333,0.770833333333333
"N426AA",7,224,19.7142857142857
"N426UA",4,1086.75,11
"N426WN",64,757.796875,3.8125
"N427US",59,912.457627118644,9.27118644067797
"N428UA",7,1118.85714285714,123.571428571429
"N428WN",55,772.072727272727,5.32727272727273
"N429UA",3,971.333333333333,7.66666666666667
"N429WN",74,853.567567567568,13.3378378378378
"N430UA",4,1168.75,2.75
"N430US",46,912.45652173913,9.17391304347826
"N430WN",73,713.041095890411,11.5915492957746
"N431WN",72,759.513888888889,0.661971830985915
"N432UA",8,1023.25,1.5
"N432US",53,912.584905660377,0.230769230769231
"N432WN",66,672.742424242424,1.07692307692308
"N433AA",11,224,0.181818181818182
"N433LV",62,718.322580645161,0.516666666666667
"N433UA",8,1031.125,8.75
"N433US",43,912.395348837209,1.48837209302326
"N434WN",49,751.326530612245,2.36734693877551
"N435AA",9,224,9.88888888888889
"N435US",56,912.428571428571,0.821428571428571
"N435WN",58,699.051724137931,5.05172413793103
"N437UA",6,1184.83333333333,73.1666666666667
"N437WN",54,693.203703703704,8.30769230769231
"N438UA",9,1085.22222222222,23.2222222222222
"N438WN",62,643.967741935484,1.55
"N439AA",4,224,33.6666666666667
"N439US",51,912.490196078431,3.96078431372549
"N439WN",70,688.114285714286,3.72463768115942
"N440LV",53,716.77358490566,0.132075471698113
"N440US",52,912.423076923077,1.78846153846154
"N441UA",14,1272.57142857143,4.78571428571429
"N441US",54,912.555555555556,6.72222222222222
"N441WN",72,801.388888888889,10
"N442UA",16,1205.25,9.125
"N442US",60,912.433333333333,3.88333333333333
"N442WN",50,767.68,9.4
"N443SW",37,588.108108108108,20.0571428571429
"N443US",49,912.612244897959,7.16326530612245
"N443WN",68,682.647058823529,13.5373134328358
"N444UA",10,1042.7,13.2
"N444US",48,912.479166666667,1.875
"N444WN",69,779.231884057971,1.66176470588235
"N445US",61,912.475409836066,0.786885245901639
"N445WN",70,651.371428571429,7.10294117647059
"N446WN",73,694.315068493151,7.82191780821918
"N447WN",81,694.839506172839,0.55
"N448WN",71,736.112676056338,5.71428571428571
"N449WN",66,706.015151515152,0.46969696969697
"N450UW",51,912.490196078431,4.64705882352941
"N450WN",48,743.375,8.17021276595745
"N451UA",6,1057.5,10
"N451WN",76,705.407894736842,0.328947368421053
"N452UA",9,1206.55555555556,8.11111111111111
"N452UW",52,912.5,2.62745098039216
"N452WN",65,665.984615384615,11.453125
"N453UW",51,912.333333333333,7.25490196078431
"N453WN",49,832.326530612245,6.16326530612245
"N45440",257,1172.046692607,9.73151750972763
"N454UA",3,883,0.666666666666667
"N454WN",61,681.44262295082,15.3103448275862
"N455AA",15,224,1.33333333333333
"N455UA",3,992.333333333333,22.3333333333333
"N455WN",78,672.692307692308,2.78666666666667
"N456AA",15,224,6.26666666666667
"N456UW",44,912.340909090909,7.55813953488372
"N456WN",76,714.131578947368,6.31081081081081
"N457UA",10,1088.5,3.9
"N457UW",42,912.47619047619,6.26190476190476
"N457WN",72,784.138888888889,9.84722222222222
"N458UA",10,1107.4,1
"N458WN",66,656.272727272727,5.18461538461538
"N459AA",7,224,5.42857142857143
"N459UW",56,912.517857142857,0.482142857142857
"N459WN",68,643.514705882353,0.985074626865672
"N460UW",58,912.51724137931,2.22413793103448
"N460WN",71,802.464788732394,7.72857142857143
"N461UA",2,1280,24
"N461WN",67,704.746268656716,13.3484848484848
"N462UA",4,959.75,12.75
"N462WN",65,736.123076923077,3.46875
"N463UA",5,1302.4,16.6
"N463WN",69,696.289855072464,8.75
"N464UA",2,893.5,4
"N464WN",54,738.277777777778,4.48148148148148
"N465SW",15,546.2,10.2666666666667
"N465WN",70,682.471428571429,6.73913043478261
"N46625",303,788.93399339934,2.05980066445183
"N466SW",11,619.818181818182,46.4545454545455
"N466WN",72,752.569444444444,3.97222222222222
"N467AA",12,224,17.9166666666667
"N467WN",57,746.140350877193,6.24561403508772
"N468AA",15,224,7.53333333333333
"N468CA",27,648.407407407407,21.4074074074074
"N468WN",62,685,1.43548387096774
"N469WN",72,746.916666666667,16.5142857142857
"N470UA",6,1313.66666666667,9.83333333333333
"N470WN",63,719.825396825397,0.32258064516129
"N471CA",52,676.519230769231,18.4615384615385
"N471UA",2,1026,12.5
"N472CA",39,548.948717948718,4.13513513513514
"N472WN",73,716.753424657534,11.9014084507042
"N473AA",13,224,76.2307692307692
"N473WN",58,728.620689655172,5.3448275862069
"N47414",259,1177.05405405405,10.6332046332046
"N474AA",14,224,7
"N474UA",16,1281.375,1.6875
"N474WN",63,723.746031746032,7.15873015873016
"N475WN",50,648.3,14.2040816326531
"N476AA",13,224,2.23076923076923
"N476WN",76,681.578947368421,6.09210526315789
"N477WN",72,693.694444444444,0.126760563380282
"N478UA",9,999.333333333333,10.6666666666667
"N478WN",73,754.123287671233,9.01369863013699
"N479CA",44,674.840909090909,12.4090909090909
"N479WN",72,693.277777777778,8.83098591549296
"N480AA",13,224,6.38461538461539
"N480WN",74,654.081081081081,2.29166666666667
"N48127",35,1287.82857142857,2.51428571428571
"N481AA",19,224,1.63157894736842
"N481WN",77,745.896103896104,18.2597402597403
"N482AA",5,224,11.2
"N482WN",77,711.896103896104,7.34210526315789
"N483WN",57,788.035087719298,11.4912280701754
"N484AA",10,224,1.2
"N484WN",78,710.397435897436,2.48684210526316
"N485WN",62,804.032258064516,5.17741935483871
"N486WN",62,640.983870967742,8.09677419354839
"N487AA",14,224,1.92857142857143
"N487UA",11,1104.27272727273,6.72727272727273
"N487WN",63,700.333333333333,7.95
"N488UA",9,999.333333333333,9
"N488WN",70,725.685714285714,4.15714285714286
"N48901",186,602.489247311828,9.9344262295082
"N489UA",13,1234,2.46153846153846
"N489WN",56,793.017857142857,20.1090909090909
"N490WN",63,664.333333333333,6.01666666666667
"N492AA",9,224,5.625
"N492WN",59,756.983050847458,0.355932203389831
"N493WN",82,617.268292682927,2.9493670886076
"N494CA",13,543.153846153846,19.0833333333333
"N494WN",58,674.98275862069,7.73684210526316
"N495AA",17,224,37.1764705882353
"N495CA",16,541.25,9.3125
"N495UA",11,1032,2.63636363636364
"N495WN",73,717.260273972603,9.7887323943662
"N496CA",23,632.608695652174,25.5217391304348
"N496UA",12,1222.66666666667,12.5833333333333
"N496WN",61,742.819672131148,5.37704918032787
"N497UA",11,1233.36363636364,0.181818181818182
"N497WN",58,749.896551724138,3.91379310344828
"N498CA",16,634.5,27.5
"N498UA",9,1170.11111111111,2.66666666666667
"N498WN",60,811.833333333333,10.6
"N499WN",61,613.55737704918,8.49180327868852
"N4WDAA",10,224,8.7
"N4WJAA",6,224,15.3333333333333
"N4WKAA",6,224,20
"N4WPAA",2,224,10.5
"N4WTAA",14,224,2
"N4WUAA",10,224,6.6
"N4WWAA",6,224,9.5
"N4XAAA",8,224,12.5714285714286
"N4XDAA",4,224,7.5
"N4XFAA",6,224,7.83333333333333
"N4XGAA",6,224,5.16666666666667
"N4XHAA",9,224,10.8888888888889
"N4XJAA",8,224,4
"N4XLAA",6,224,14.1666666666667
"N4XNAA",4,224,20.5
"N4XUAA",6,224,8.33333333333333
"N4XVAA",13,224,6.61538461538461
"N4YBAA",6,224,19.5
"N4YDAA",7,224,7.28571428571429
"N4YJAA",9,224,7.5
"N4YNAA",7,224,2.28571428571429
"N4YUAA",7,224,36.8571428571429
"N500MQ",48,962.833333333333,12.1914893617021
"N501AA",12,224,1
"N501SW",124,671.201612903226,5.09756097560976
"N501UA",11,985,3.36363636363636
"N502AA",11,224,3.63636363636364
"N502MQ",45,995.622222222222,47.2888888888889
"N502SW",130,596,10.468253968254
"N503JB",5,1428,11.4
"N503SW",133,632.887218045113,7.59541984732824
"N503UA",10,1273.7,5.8
"N504AA",8,224,14.5
"N504MQ",41,991.439024390244,5.225
"N504SW",130,597.446153846154,2.453125
"N504UA",8,1078.875,2.875
"N505AA",12,224,9.75
"N505MQ",40,1004.45,12.4736842105263
"N505SW",93,662.354838709677,2.96774193548387
"N506AS",1,1874,15
"N506CA",29,554.586206896552,27.1724137931034
"N506MQ",45,1005.71111111111,9.31707317073171
"N506SW",174,656.17816091954,6.74705882352941
"N506UA",11,1019.72727272727,35
"N507CA",16,637.875,16.5
"N507JB",2,1428,5
"N507MQ",43,1009.46511627907,5.25581395348837
"N507SW",130,660.438461538462,4.5234375
"N507UA",11,1084.27272727273,9.81818181818182
"N508AA",11,224,26.6
"N508AS",3,1874,12.3333333333333
"N508JB",1,1428,11
"N508MQ",32,1038.5,3.1875
"N508SW",149,659.194630872483,8.2312925170068
"N509JB",4,1428,32
"N509MQ",33,938.757575757576,10.2258064516129
"N509SW",201,665.10447761194,4.18592964824121
"N509UA",10,1139.3,7.11111111111111
"N510MQ",34,925,5.41176470588235
"N510SW",173,608.06936416185,4.37058823529412
"N511MQ",43,1115.04651162791,6.31707317073171
"N511SW",180,661.022222222222,6.96067415730337
"N511UA",11,1090,6.81818181818182
"N512MJ",1,1190,11
"N512MQ",55,1098.34545454545,12.8333333333333
"N512SW",132,721.098484848485,7.7109375
"N513AA",16,224,8.0625
"N513AS",2,1874,9.5
"N513MQ",34,1058.52941176471,1.06060606060606
"N513SW",163,653.601226993865,2.08641975308642
"N513UA",15,1201.46666666667,18.2
"N514AA",17,224,2.64705882352941
"N514MQ",28,957.428571428571,23.7857142857143
"N514SW",199,650.633165829146,5.20408163265306
"N514UA",11,997.636363636364,6.63636363636364
"N515AA",6,224,3
"N515MQ",71,1104.04225352113,16.2714285714286
"N515SW",180,621.866666666667,6.84357541899441
"N515UA",18,1066,10.1111111111111
"N516AS",3,1874,7.33333333333333
"N516JB",1,1428,16
"N516MQ",39,936.641025641026,0.578947368421053
"N516UA",8,990.125,0.625
"N517AS",8,1874,7.375
"N517MQ",39,1041.41025641026,16.7777777777778
"N518AA",11,224,2.90909090909091
"N518AS",2,1874,0.5
"N518MQ",24,925,22.5217391304348
"N519AA",8,224,7.125
"N519JB",5,1428,28.8
"N519MQ",48,1057.41666666667,4.74468085106383
"N519SW",153,675.352941176471,1.25
"N519UA",13,931.153846153846,39.3076923076923
"N520AA",8,224,8.75
"N520JB",3,1428,13.6666666666667
"N520MQ",44,966.272727272727,3.5
"N520SW",169,629.822485207101,3.51479289940828
"N520UA",14,948.714285714286,1.28571428571429
"N521MQ",38,984.736842105263,13.3333333333333
"N521SW",149,636.134228187919,0.816326530612245
"N521UA",10,1100.2,21.7
"N522AA",9,224,15.125
"N522SW",146,674.808219178082,8.20689655172414
"N522UA",11,1154.54545454545,21
"N522US",1,689,39
"N523MQ",47,963.63829787234,7.73913043478261
"N523SW",150,687.873333333333,7.70945945945946
"N523UA",7,1008.42857142857,28
"N524JB",3,1428,23.6666666666667
"N524MQ",29,940.655172413793,0.678571428571429
"N524SW",193,603.906735751295,4
"N524UA",15,981.866666666667,22.5714285714286
"N525AA",19,224,2.94736842105263
"N525MQ",40,993.1,7.6
"N525SW",165,613.466666666667,0.820987654320988
"N526AA",18,224,12.9411764705882
"N526MQ",79,1177.86075949367,13.6447368421053
"N526SW",177,642.864406779661,7.72988505747126
"N526UA",9,1305.44444444444,1
"N527AA",10,224,1.1
"N527JB",10,1428,9.5
"N527MQ",32,1109.4375,2.5
"N527SW",145,646.089655172414,6.80141843971631
"N527UA",10,1183.8,18
"N528AA",12,224,13.0909090909091
"N528AS",5,1874,12
"N528CA",2,468,17.5
"N528MQ",75,1082.38666666667,7.23287671232877
"N528SW",143,628.377622377622,3.43971631205674
"N528UA",13,1035.23076923077,10.6666666666667
"N529AS",1,1874,10
"N529AU",14,912.571428571429,0.857142857142857
"N529JB",4,1428,27
"N530AU",8,912.625,3.375
"N530UA",12,1049.66666666667,4.91666666666667
"N531JB",4,1428,3
"N531MQ",63,1119.57142857143,5.38709677419355
"N532AA",15,224,3.6
"N532AS",4,1874,1.5
"N532AU",15,912.333333333333,21.5333333333333
"N532MQ",61,1148.27868852459,1.61016949152542
"N533UA",13,1219.46153846154,23.7692307692308
"N53441",229,1213.07860262009,5.10917030567686
"N53442",248,1139.79435483871,6.03643724696356
"N534AS",8,1874,1.875
"N534MQ",49,1082.51020408163,19.6938775510204
"N534UA",9,955.888888888889,41.2222222222222
"N535AA",13,224,8.25
"N535JB",1,1428,17
"N535MQ",33,1117.60606060606,0.393939393939394
"N535UA",7,1211.28571428571,9.28571428571429
"N536AA",14,224,7.84615384615385
"N536UA",14,1036.35714285714,6.85714285714286
"N537AA",13,224,14.0833333333333
"N538UA",9,1147.66666666667,15.6666666666667
"N539MQ",38,1128.10526315789,8.35294117647059
"N539UA",13,1119.23076923077,16.5833333333333
"N540AA",8,224,18.625
"N540UA",12,1135.41666666667,3.33333333333333
"N541UA",12,1001.33333333333,6.58333333333333
"N54241",261,1149.32183908046,8.91570881226054
"N542UA",9,1084.22222222222,5.55555555555556
"N543AA",9,224,20.375
"N544MQ",74,1256.2972972973,16.4931506849315
"N545AA",8,224,4.75
"N546AS",3,1874,3
"N546MQ",70,1255.77142857143,8.6231884057971
"N54711",277,1021.559566787,3.84782608695652
"N547JB",4,1428,19
"N548AA",14,224,33.4285714285714
"N549AA",21,224,4.57142857142857
"N549UA",1,1635,4
"N550WN",66,760.212121212121,4.39393939393939
"N551AS",1,1874,11
"N551WN",51,616.058823529412,7.86274509803922
"N552JB",2,1428,98
"N552WN",55,728.472727272727,10.0377358490566
"N553AS",4,1874,25
"N553UA",10,1344.7,9.5
"N553WN",51,781.549019607843,6.7
"N554WN",63,737.539682539683,5.58064516129032
"N555AA",16,224,18.9333333333333
"N555LV",44,666.136363636364,6.79545454545455
"N556AS",1,1874,15
"N556UA",12,963.166666666667,24.9166666666667
"N556WN",35,690.028571428571,10.8571428571429
"N557AS",7,1874,6
"N558AA",16,224,7.1875
"N559AS",11,1874,3.09090909090909
"N559JB",4,1428,8.5
"N559UA",11,1084.27272727273,13.1818181818182
"N561UA",18,1119.44444444444,4.44444444444444
"N562AS",7,1874,11.7142857142857
"N562JB",1,1428,73
"N562UA",6,1140.66666666667,5.83333333333333
"N563AS",4,1874,13.5
"N563UA",14,1239.21428571429,19.0714285714286
"N564AS",3,1874,5.33333333333333
"N564UA",7,1249.14285714286,7
"N565AA",4,224,82.25
"N565JB",6,1428,11
"N565UA",14,893.5,5
"N566AA",10,224,1.55555555555556
"N566AS",4,1874,13.75
"N566UA",11,950.272727272727,1.63636363636364
"N567UA",11,1160.27272727273,12.0909090909091
"N56859",331,1131.18429003021,11.8909090909091
"N568AS",6,1874,24.6666666666667
"N568JB",3,1428,5.5
"N568UA",11,1160.27272727273,9.72727272727273
"N569AA",4,224,0.5
"N569JB",2,1428,2
"N57016",10,1400,7.2
"N570UA",10,1196.4,23.5
"N57111",53,1290.77358490566,2.13461538461538
"N571AA",3,224,13.6666666666667
"N571UA",7,1303.71428571429,18.5714285714286
"N572UA",13,1045.92307692308,1
"N573AA",8,224,27
"N573UA",23,1114.08695652174,10.7826086956522
"N57439",247,1143.71255060729,7.54655870445344
"N574AA",16,224,6.93333333333333
"N574UA",13,1064.61538461538,10
"N575AA",12,224,3.5
"N576UA",13,1114.38461538462,8.46153846153846
"N577AA",12,224,8.25
"N577UA",10,1054.4,39.4
"N57852",228,1159.20175438596,8.45175438596491
"N57855",314,1188.97133757962,10.4632587859425
"N57857",325,1155.47692307692,8.22461538461538
"N57862",314,1174.62101910828,13.9331210191083
"N57863",305,1161.50163934426,12.2828947368421
"N57864",303,1153.34653465347,10.8079470198675
"N57868",305,1155.9868852459,8.55737704918033
"N57869",289,1133.41868512111,11.3598615916955
"N57870",267,1175.51685393258,11.022641509434
"N578AA",8,224,14.75
"N578UA",6,1174.33333333333,22.8333333333333
"N579AA",13,224,15.0769230769231
"N579AS",8,1874,5.5
"N579UA",4,893.5,11.5
"N580AA",15,224,45.4666666666667
"N580UA",8,1063.125,18.125
"N58101",49,1242,3.33333333333333
"N581UA",10,958.2,13.8
"N582AA",13,224,12.0769230769231
"N582UA",5,912.4,8
"N583AS",7,1874,11.8571428571429
"N583UA",3,883,10
"N584AA",12,224,13.6666666666667
"N584AS",3,1874,18.6666666666667
"N585AA",9,224,4.33333333333333
"N585AS",6,1874,7.66666666666667
"N585JB",5,1428,5.8
"N585UA",7,889,5.57142857142857
"N58606",306,727.421568627451,5.08223684210526
"N586AA",9,224,5.66666666666667
"N586UA",4,1086.75,13
"N587UA",12,888.25,0.75
"N588UA",7,1220.28571428571,11.1428571428571
"N59053",61,1924.80327868852,5.45901639344262
"N590JB",3,1428,25.3333333333333
"N590UA",4,893.5,29
"N591AA",9,224,2
"N591JB",2,1428,37.5
"N592AA",6,224,10.1666666666667
"N592AS",10,1874,7.9
"N592JB",5,1428,27.6
"N592UA",10,1190.1,29
"N593JB",3,1428,27
"N593ML",32,549.0625,27.0967741935484
"N593UA",13,1060.46153846154,16.7692307692308
"N594AA",8,224,19.375
"N594AS",6,1874,16
"N594UA",9,1047.77777777778,1.55555555555556
"N595AA",6,224,8.5
"N595UA",1,1635,3
"N59630",300,725.883333333333,4.40468227424749
"N596AA",9,224,12.1111111111111
"N596AS",5,1874,19.2
"N597JB",2,1428,25
"N598AA",3,224,3.33333333333333
"N598JB",4,1428,38.75
"N600MQ",20,247,1.26315789473684
"N600QX",11,971.181818181818,25.6363636363636
"N600TR",18,690.555555555556,35.7647058823529
"N600WN",118,460.694915254237,11.0431034482759
"N601WN",105,451.914285714286,9.00970873786408
"N602MQ",14,247,27.9285714285714
"N602SW",113,485.132743362832,7.59633027522936
"N603MQ",19,247,1.63157894736842
"N603SK",4,1154.75,21.25
"N603SW",98,440.316326530612,11.4408602150538
"N604MQ",21,247,4.35
"N604QX",18,934.333333333333,2.375
"N604SW",127,464.811023622047,7.31707317073171
"N605MQ",7,247,32.1428571428571
"N605SW",77,432.142857142857,16.4605263157895
"N606JB",8,1428,43.8333333333333
"N606LR",90,821.6,15.7613636363636
"N606SW",111,468.369369369369,5.08256880733945
"N607LR",68,806.088235294118,14.109375
"N607SW",110,441.609090909091,5.57943925233645
"N608AT",10,654.8,5.4
"N608JB",2,1428,9
"N608MQ",31,247,12.1935483870968
"N608QX",16,956.3125,2
"N608SW",94,466.765957446808,4.93406593406593
"N609AS",1,1874,78
"N609MQ",40,247,25.025641025641
"N609SW",100,482.05,12.8453608247423
"N610WN",102,465.147058823529,11.49
"N611MQ",12,247,1.45454545454545
"N611QX",9,1075.11111111111,29.7777777777778
"N611SW",102,408.343137254902,5.62376237623762
"N612AS",1,1874,39
"N612QX",10,1070.9,6.4
"N612SW",100,450.65,13.4742268041237
"N613MQ",22,247,9.85
"N613QX",2,1195,4.5
"N613SW",100,481.12,7.48958333333333
"N614MQ",27,247,1.2962962962963
"N614QX",7,911.571428571429,0.833333333333333
"N614SW",105,462.838095238095,4.03883495145631
"N615JB",2,1428,59.5
"N615MQ",12,247,16
"N615QX",17,926.058823529412,23.4117647058824
"N615SW",102,465.588235294118,5.21782178217822
"N616MQ",36,247,3.86111111111111
"N616SW",103,421.970873786408,5.24271844660194
"N617AS",2,1874,9
"N617QX",3,1141.33333333333,19
"N617SW",109,436.981651376147,7.65094339622642
"N618AS",5,1874,12.2
"N618MQ",2,247,6
"N618WN",102,452.647058823529,16.2857142857143
"N619AS",3,1874,63.6666666666667
"N619MQ",14,247,9.85714285714286
"N619SW",116,424.474137931034,7.82142857142857
"N620MQ",19,247,4.68421052631579
"N620SW",97,442.577319587629,11.6881720430108
"N621JB",3,1428,12.3333333333333
"N621MQ",8,247,3.57142857142857
"N621SW",103,437.456310679612,11.5922330097087
"N622AS",6,1874,10.1666666666667
"N622MQ",11,247,3.63636363636364
"N622SW",92,422.271739130435,9.27472527472528
"N623AS",3,1874,8.66666666666667
"N623JB",1,1428,8
"N623MQ",9,247,0.555555555555556
"N623SW",101,472.346534653465,7.99009900990099
"N624AS",8,1874,0.875
"N624MQ",14,247,6.57142857142857
"N624SW",121,454.619834710744,8.65546218487395
"N625AS",6,1874,37.6666666666667
"N625JB",5,1428,19.4
"N625MQ",15,247,7.8
"N625SW",133,440.706766917293,4.66666666666667
"N62631",246,755.670731707317,4.64897959183673
"N626AS",6,1874,13.8
"N626AW",1,1009,7
"N626MQ",1,247,174
"N626SW",128,459.0234375,7.83333333333333
"N627AS",14,1874,1.07142857142857
"N627MQ",14,247,2.5
"N627SW",101,443.267326732673,5.62
"N628SW",110,492.272727272727,2.33333333333333
"N629MQ",35,247,1.09090909090909
"N629SW",122,449.754098360656,9.92622950819672
"N630MQ",16,247,15.9285714285714
"N630WN",77,424.38961038961,10.8157894736842
"N631MQ",8,247,0.625
"N631SW",100,444.75,8.94897959183673
"N632JB",2,1428,1.5
"N632MQ",15,247,4.6
"N632SW",54,573.944444444444,12.5471698113208
"N633MQ",31,247,4.61290322580645
"N633SW",98,428.612244897959,4.42857142857143
"N634MQ",22,247,16.0952380952381
"N634SW",110,481.090909090909,12.4770642201835
"N635JB",3,1428,9.33333333333333
"N635MQ",5,247,3.6
"N635SW",106,481.660377358491,12.0294117647059
"N636MQ",32,247,5.57142857142857
"N636WN",94,467.010638297872,8.46153846153846
"N637JB",1,1428,7
"N637SW",114,437.561403508772,5.21428571428571
"N638JB",3,1428,114.666666666667
"N638SW",102,455.598039215686,1.38613861386139
"N639MQ",24,247,1.1304347826087
"N639SW",121,471.099173553719,6.41322314049587
"N640MQ",13,247,4.38461538461539
"N640SW",108,457.101851851852,8.79047619047619
"N641JB",7,1428,0.571428571428571
"N641MQ",3,247,66
"N641SW",118,413.983050847458,9.49565217391304
"N642MQ",1,247,7
"N642UA",1,1635,17
"N642WN",87,462.264367816092,5.8
"N643MQ",10,247,0.666666666666667
"N643SW",90,460.188888888889,8
"N644JB",5,1428,11.2
"N644MQ",7,247,0.571428571428571
"N644SW",129,442.054263565891,6.88888888888889
"N645JB",2,1428,29.5
"N645SW",113,437.601769911504,12.027027027027
"N646MQ",15,247,14.0714285714286
"N646SW",103,417.73786407767,7.2843137254902
"N647MQ",28,247,12.4444444444444
"N647SW",104,431.153846153846,10.4563106796117
"N648JB",5,1428,0.4
"N648SW",120,455.125,5.86324786324786
"N649AW",3,1009,7.66666666666667
"N649JB",2,1428,10
"N649MQ",17,247,0.294117647058824
"N649SW",105,425.704761904762,10.4563106796117
"N650SW",106,441.396226415094,8.21698113207547
"N651MQ",10,247,69.9
"N651SW",113,471.159292035398,3.06363636363636
"N652BR",22,526,28.0909090909091
"N652MQ",35,247,4.29411764705882
"N652SW",102,499.549019607843,14.039603960396
"N653MQ",7,247,11.5714285714286
"N653SW",112,500,8.92727272727273
"N654AW",3,1009,2.33333333333333
"N654MQ",41,247,19.2926829268293
"N654SW",100,442.09,11.0618556701031
"N655JB",4,1428,1.25
"N655MQ",14,247,2.61538461538462
"N655WN",114,492.087719298246,13.5714285714286
"N656MQ",24,247,20.1304347826087
"N656SW",128,460.5859375,9.91269841269841
"N657JB",5,1428,27.4
"N657MQ",4,416.5,54.5
"N657SW",108,446.935185185185,13.9611650485437
"N658MQ",7,247,19.2857142857143
"N658SW",107,401.233644859813,6.3047619047619
"N659CA",17,963.235294117647,6.82352941176471
"N659JB",4,1428,3
"N659MQ",17,247,16.9411764705882
"N659SW",100,440.88,9.19191919191919
"N66051",66,1870.31818181818,9.07575757575758
"N66056",47,2038.42553191489,3.21276595744681
"N66057",54,1683.35185185185,1.66037735849057
"N660AW",1,1009,4
"N660SW",112,388.571428571429,6.19417475728155
"N661JB",4,1428,13
"N661SW",107,465.504672897196,11.9611650485437
"N662AW",2,1009,4.5
"N662MQ",26,247,7.2
"N662SW",76,509.960526315789,19.6575342465753
"N663JB",3,1428,176
"N663MQ",8,247,2.625
"N663SW",84,482.428571428571,10.2857142857143
"N664AW",2,1009,1.5
"N664UA",23,1604.13043478261,17.6521739130435
"N664WN",99,485.808080808081,13.1958762886598
"N665MQ",11,247,2.5
"N665UA",19,1635,14.4210526315789
"N665WN",76,448.763157894737,15.3918918918919
"N666UA",19,1635,36.1578947368421
"N667MQ",7,247,8
"N667UA",20,1618.4,7.6
"N668AW",4,1009,1.5
"N668UA",23,1561,17.5217391304348
"N669MQ",16,247,22
"N669SW",101,525.069306930693,11.0618556701031
"N669UA",23,1620.5652173913,20.304347826087
"N6701",1,689,39
"N67052",50,1728.3,0.68
"N67058",58,1970.58620689655,6.67241379310345
"N670MC",21,691.333333333333,10.6666666666667
"N670MQ",19,247,11.6315789473684
"N670SW",129,417.612403100775,8.17460317460317
"N670UA",18,1635,88.5
"N67134",21,1283.90476190476,13
"N67157",33,1400,7.5625
"N67158",42,1374.16666666667,3.75609756097561
"N671MQ",17,247,11.0625
"N671SW",101,429.49504950495,6.3265306122449
"N671UA",20,1599.5,19.55
"N672AW",2,1009,17.5
"N672UA",13,1609.46153846154,11.3846153846154
"N673UA",24,1635,45.9583333333333
"N674MQ",9,247,27
"N674UA",21,1635,11.7142857142857
"N675MQ",20,247,1.22222222222222
"N675UA",14,1635,51.4285714285714
"N676AW",2,1009,11.5
"N676MC",23,692.652173913043,1.09090909090909
"N676SW",83,409.289156626506,4.84615384615385
"N676UA",26,1622.23076923077,26.5
"N677MC",20,691.1,12.4736842105263
"N677MQ",6,247,10.1666666666667
"N677UA",31,1635,25.4516129032258
"N679AA",110,412.690909090909,7.88888888888889
"N679DA",1,689,18
"N679MQ",20,247,10.5263157894737
"N679SA",49,615.795918367347,33.1063829787234
"N68061",63,1657.22222222222,2.3015873015873
"N680BR",5,514,13.8
"N68155",8,1397.375,2.125
"N68159",44,1376.75,2.31818181818182
"N681MQ",13,247,3
"N682BR",7,468.571428571429,3.66666666666667
"N682MQ",9,247,19.8888888888889
"N682SW",11,504.727272727273,8.54545454545454
"N683BR",4,468,2.33333333333333
"N683SW",90,490.3,12.367816091954
"N684WN",90,458.755555555556,6.1685393258427
"N685MQ",16,247,3.875
"N685SW",84,480.059523809524,9.12195121951219
"N686BR",12,468.166666666667,17.5833333333333
"N686MQ",20,247,5.9
"N686SW",107,440.03738317757,6
"N687MQ",20,280.9,6.35
"N687SW",108,426.333333333333,12.1619047619048
"N688MQ",21,247,2.85
"N688SW",120,497.125,12.5546218487395
"N689MQ",13,247,19.6923076923077
"N689SW",100,465.79,5.07216494845361
"N69020",10,1345.3,37.9
"N69059",46,1690.67391304348,5.21739130434783
"N69063",81,3619.02469135802,22.1975308641975
"N690MQ",35,247,10.2941176470588
"N690SW",119,455.487394957983,13.1964285714286
"N69154",52,1352.07692307692,3.13461538461538
"N691WN",107,452.084112149533,5.97142857142857
"N692MQ",15,247,32.4615384615385
"N692SW",113,441.212389380531,6.92857142857143
"N693BR",35,561.028571428571,23.15625
"N693SW",74,438.837837837838,11.7123287671233
"N694MQ",22,247,1.59090909090909
"N694SW",88,417.034090909091,11.3333333333333
"N695MQ",17,247,27.4705882352941
"N696MQ",18,247,3.16666666666667
"N697MQ",2,247,8
"N697SW",128,443.21875,5.792
"N698SW",126,449.373015873016,13.3709677419355
"N699BR",37,581,25.4594594594595
"N699MQ",23,247,4.65217391304348
"N699SW",100,447.17,13.6145833333333
"N6EAMQ",45,1066.24444444444,17.4444444444444
"N700GS",65,725.569230769231,10.5625
"N701BR",67,597.223880597015,17.6461538461538
"N701GS",77,712.025974025974,8.44155844155844
"N701SK",154,842.532467532468,5.1437908496732
"N702BR",23,679.130434782609,12.5909090909091
"N702SK",175,885.52,13.0363636363636
"N703JB",3,1428,10
"N703SK",146,864.897260273973,13.9930555555556
"N703SW",72,714.430555555556,15.6811594202899
"N704SW",62,647.951612903226,6.39344262295082
"N705JB",1,1428,19
"N705SK",176,831.8125,9.16477272727273
"N705SW",63,776.619047619048,8.7258064516129
"N706SK",177,799.926553672316,3.45142857142857
"N706SW",55,734.981818181818,2.94545454545455
"N707EV",15,1022.2,0.928571428571429
"N707SA",71,710.535211267606,12.3428571428571
"N707SK",143,830.132867132867,7.48936170212766
"N708EV",15,960.133333333333,31.5333333333333
"N708JB",2,1428,16
"N708SK",171,821.187134502924,8.55882352941176
"N708SW",74,731.77027027027,4.50684931506849
"N709BR",51,655.862745098039,30.84
"N709EV",21,974.761904761905,3.8
"N709JB",5,1428,71.8
"N709SK",83,865.626506024096,8.21686746987952
"N709SW",67,747.671641791045,6.98507462686567
"N710EV",18,969.111111111111,6.38888888888889
"N710SW",61,656.918032786885,1.15
"N711HK",66,770.636363636364,7.625
"N712EV",16,1022.6875,13.5
"N712SK",242,892.938016528926,7.13675213675214
"N712SW",81,709.320987654321,14.4375
"N713EV",13,955.307692307692,13.1
"N713SK",190,859.536842105263,6.95187165775401
"N713SW",77,625.883116883117,6.26315789473684
"N71411",421,1133.07600950119,7.8444976076555
"N714CB",75,753.466666666667,17.5479452054795
"N715SK",97,857.216494845361,3.55789473684211
"N715SW",64,749.34375,8.265625
"N715UW",1,913,2
"N716EV",16,1004.0625,11.4375
"N716SK",200,911.17,3.87939698492462
"N716SW",75,658.466666666667,14.1369863013699
"N717JL",18,684.555555555556,7.05555555555556
"N717SA",81,725.901234567901,4.85185185185185
"N718SK",211,855.199052132701,5.95192307692308
"N718SW",69,717.739130434783,1.23880597014925
"N719SK",227,866.696035242291,3.09954751131222
"N719SW",66,819.772727272727,1.84848484848485
"N720EV",18,1011.22222222222,4.05555555555556
"N720WN",64,701.703125,13.1612903225806
"N722EV",13,962.076923076923,11.6666666666667
"N723EV",16,871.6875,32.5714285714286
"N723SW",59,774.305084745763,4.93103448275862
"N72405",440,1164.17045454545,6.69931662870159
"N724EV",27,976.703703703704,4.15384615384615
"N724MQ",2,247,20
"N724SK",190,870.926315789474,5.89673913043478
"N724SW",71,689.774647887324,23.3571428571429
"N725SW",51,719.607843137255,6.9
"N726SK",223,839.466367713005,6.47945205479452
"N726SW",60,669.35,9.48333333333333
"N727SK",153,863.183006535948,9.09271523178808
"N727SW",49,655.571428571429,6.70833333333333
"N728SK",196,840.561224489796,4.43877551020408
"N728SW",54,750.037037037037,13.4528301886792
"N729JB",4,1428,11.5
"N729SW",53,759.320754716981,12.6981132075472
"N730MQ",2,247,34.5
"N730SK",227,830.550660792952,7
"N730SW",54,623.833333333333,1.2962962962963
"N73152",45,1356.55555555556,11.2222222222222
"N731SA",87,596.724137931035,7.59523809523809
"N73251",241,1115.57676348548,5.19166666666667
"N73256",224,1090.125,9.55203619909502
"N73259",267,1136.17602996255,4.08614232209738
"N73270",269,1068.10780669145,6.39700374531835
"N73275",268,1023.44402985075,6.55805243445693
"N73276",251,1103.69322709163,4.7808764940239
"N73278",245,1174.63673469388,7.32510288065844
"N73283",261,1184.57471264368,7.15503875968992
"N73291",224,1091.90178571429,6.85714285714286
"N73299",273,1108.35531135531,4.98529411764706
"N732SK",129,826.488372093023,5.796875
"N732SW",64,599.8125,4.40322580645161
"N733SA",54,705.907407407407,0.288461538461538
"N73406",429,1164.68997668998,6.48251748251748
"N73445",183,1171.49726775956,3.49726775956284
"N734SA",64,649.84375,14.2786885245902
"N735SA",68,722.102941176471,7.79411764705882
"N736SA",58,764.5,7.36206896551724
"N737JW",52,708.538461538462,6.31372549019608
"N73860",257,1161.93774319066,11.7898832684825
"N738CB",61,766.704918032787,11.2786885245902
"N738EV",27,967,0.916666666666667
"N738SK",201,844.721393034826,8.27
"N739GB",44,738.25,11.7272727272727
"N74007",10,1400,24.5
"N740SK",149,870.241610738255,6.91216216216216
"N740SW",57,693.789473684211,2.84210526315789
"N741EV",20,962.25,23.2941176470588
"N741SA",59,856.677966101695,5.46551724137931
"N742SK",226,838.588495575221,8.94222222222222
"N742SW",53,705.867924528302,14.3207547169811
"N743SK",210,858.27619047619,5.90384615384615
"N743SW",61,656.983606557377,9.22950819672131
"N744EV",14,912.285714285714,10.3076923076923
"N744SK",151,863.066225165563,5.81756756756757
"N744SW",62,682.838709677419,6.63934426229508
"N745SK",125,862.384,6.48780487804878
"N745SW",52,751.884615384615,3.28846153846154
"N746JB",2,1428,13.5
"N746SK",199,859.391959798995,6.56281407035176
"N746SW",75,764.08,5.22666666666667
"N747SA",56,745.232142857143,11.3653846153846
"N74856",272,1139.1875,13.1476014760148
"N748SK",174,857.057471264368,3.83720930232558
"N748SW",59,719.525423728814,11.8983050847458
"N749SW",69,735.028985507246,16.4545454545455
"N750EV",12,979.75,17.5833333333333
"N750SA",50,720.96,12.4583333333333
"N750SK",145,849.613793103448,5.3943661971831
"N751EV",11,936.818181818182,5.90909090909091
"N751SK",122,816.94262295082,3.15702479338843
"N751SW",53,802.528301886792,7.92307692307692
"N752SK",149,832.58389261745,5.09859154929577
"N752SW",74,701.054054054054,7.60810810810811
"N753SK",127,847.944881889764,6.53225806451613
"N753SW",55,739.6,13.2363636363636
"N75410",486,1156.71399176955,6.57407407407407
"N75425",256,1141.3828125,6.10546875
"N75426",284,1170.20774647887,8.88380281690141
"N75428",282,1140.18794326241,7.61921708185053
"N75429",271,1145.48708487085,6.27675276752768
"N75432",264,1228.55303030303,7.81060606060606
"N75433",243,1189.90946502058,5.81404958677686
"N75435",233,1149.64806866953,3.24137931034483
"N75436",259,1170.71428571429,6.46332046332046
"N754SK",210,825.742857142857,8.26960784313725
"N754SW",71,677.492957746479,10.3913043478261
"N755EV",12,1009.16666666667,11.0909090909091
"N755SA",67,713.477611940299,14.6818181818182
"N755SK",150,883.826666666667,8.14765100671141
"N756SA",53,724.905660377358,3.58823529411765
"N756SK",162,848.179012345679,6.02484472049689
"N757LV",77,678.311688311688,12.7012987012987
"N75851",304,1119.38157894737,13.0924092409241
"N75853",295,1116.26779661017,13.064406779661
"N75854",280,1106.88214285714,15.3620071684588
"N75858",294,1197.38095238095,14.1598639455782
"N75861",291,1098.39862542955,15.1718213058419
"N758EV",23,963.521739130435,22.2608695652174
"N758SK",242,836.504132231405,12.6398305084746
"N758SW",70,795.128571428571,4.30434782608696
"N759EV",16,1072.8125,4.625
"N759GS",62,781.983870967742,11.3064516129032
"N76010",18,1400,6.83333333333333
"N76021",11,1400,13.7272727272727
"N76054",43,1647.55813953488,1.83720930232558
"N76055",46,1768.71739130435,16.7954545454545
"N76062",43,2033.32558139535,15.6279069767442
"N76064",77,3578.80519480519,11.7402597402597
"N76065",90,3607.31111111111,2.8876404494382
"N760EV",20,1035.55,14.2631578947368
"N760NC",16,690.3125,19.625
"N760SK",186,848.118279569892,7.98369565217391
"N760SW",65,720.307692307692,3.33846153846154
"N76151",53,1369.24528301887,7.05660377358491
"N76156",54,1378.2962962963,2.32075471698113
"N761NC",18,691.722222222222,13.9444444444444
"N761RR",64,679.3125,12.5238095238095
"N76254",255,1141.9137254902,6.25882352941176
"N76265",285,1088.9298245614,6.14084507042254
"N76269",254,1106.38976377953,4.89328063241107
"N76288",238,1121.59243697479,7.10924369747899
"N762NC",18,693.277777777778,32
"N762SK",171,817.684210526316,8.69230769230769
"N762SW",64,711,8.671875
"N763SK",123,888.910569105691,8.15833333333333
"N763SW",80,736.5625,2.975
"N764NC",24,691.333333333333,41.8695652173913
"N764SK",57,886.684210526316,13.5789473684211
"N764SW",75,718.56,0.64
"N76502",237,1147.29957805907,1.71729957805907
"N76503",234,1076.02991452991,6.93589743589744
"N76504",254,1166.1968503937,6.89723320158103
"N76505",256,1134.28125,5.41015625
"N76508",262,1133.37022900763,4.04198473282443
"N76514",201,1150.73134328358,2.5771144278607
"N76515",249,1131.21686746988,5.94758064516129
"N76516",254,1137.11811023622,3.24803149606299
"N76517",263,1110.40684410646,4.69847328244275
"N76519",237,1146.42194092827,2.40254237288136
"N76522",234,1126.23076923077,2.50854700854701
"N76523",241,1139.98340248963,2.62655601659751
"N76526",222,1126.71621621622,6.13963963963964
"N76528",70,1127.61428571429,5.72857142857143
"N76529",189,1143.60846560847,4.02659574468085
"N765NC",22,691.863636363636,40
"N765SK",141,849.31914893617,3.31159420289855
"N765SW",64,726.203125,10.4193548387097
"N766JB",2,1428,107.5
"N766NC",18,690.555555555556,31.1764705882353
"N766SK",130,860.938461538462,2.5859375
"N766SW",67,743.985074626866,11.6363636363636
"N767NC",16,690.75,18.375
"N767SK",130,856.569230769231,5.8740157480315
"N767SW",63,791.079365079365,5.62295081967213
"N767UW",1,912,22
"N768JB",3,1428,7.66666666666667
"N768NC",8,692.5,3.5
"N768SK",244,824.565573770492,3.5
"N768SW",70,712.985714285714,10.0428571428571
"N769NC",29,693.827586206897,6.51851851851852
"N769SW",81,730.432098765432,10.7530864197531
"N77006",15,1400,2.06666666666667
"N77012",17,1400,5.4375
"N77014",9,1400,23
"N77019",16,1400,21.0625
"N77022",16,1400,9.8
"N77066",85,3579.45882352941,13.6823529411765
"N770NC",16,692.5,0.2
"N770SA",78,705.141025641026,9.2972972972973
"N770SK",125,814.96,8.71428571428571
"N771NC",14,691,3.5
"N771SA",62,657.370967741935,8.18032786885246
"N771SK",171,816.654970760234,11.4294117647059
"N77258",239,1134.40585774059,3.46443514644351
"N77261",259,1109.51737451737,4.16796875
"N77295",222,1095.15765765766,5.66515837104072
"N77296",242,1058.81404958678,4.46861924686193
"N772NC",12,691.333333333333,27.0909090909091
"N772SK",165,882.6,5.52121212121212
"N772SW",74,735.540540540541,2.79166666666667
"N773NC",14,692.5,22.1538461538462
"N773SA",67,788.059701492537,11
"N773SK",217,849.824884792627,8.05555555555556
"N77430",258,1200.94573643411,8.71984435797665
"N77431",252,1142.9880952381,4.30952380952381
"N774NC",21,692,6.95
"N774SK",157,852.03821656051,5.6474358974359
"N774SW",67,690.283582089552,10.1060606060606
"N77510",252,1136.52380952381,5.048
"N77518",227,1170.43171806167,3.00442477876106
"N77520",241,1083.4979253112,4.24789915966387
"N77525",243,1110.78600823045,4.41975308641975
"N77530",133,1105.21804511278,7.12781954887218
"N775NC",8,693.375,0.857142857142857
"N775SW",54,670.907407407407,0.296296296296296
"N776NC",15,690.866666666667,5.14285714285714
"N776SK",172,850.197674418605,4.95906432748538
"N776WN",56,646.214285714286,4.16071428571429
"N777NC",26,693.038461538462,0.28
"N777QC",71,614.183098591549,5.40845070422535
"N77865",274,1158.04744525547,13.029304029304
"N77867",285,1158.01754385965,11.8175438596491
"N77871",330,1158.22727272727,9.93313069908815
"N778NC",28,692,15.3571428571429
"N778SK",164,868.091463414634,5.90184049079755
"N778SW",59,661.796610169491,7
"N779NC",27,691.851851851852,19.375
"N779SK",143,873.559440559441,8.88652482269504
"N779SW",68,633.352941176471,5.05882352941176
"N78001",20,1400,11.9
"N78002",11,1400,18.7272727272727
"N78003",21,1400,9.47619047619048
"N78004",10,1400,12.4
"N78005",12,1400,41.25
"N78008",8,1400,9.25
"N78009",17,1400,23.7058823529412
"N78013",10,1400,4.77777777777778
"N78017",14,1400,3.35714285714286
"N78060",36,1633.16666666667,3.38888888888889
"N780NC",20,693.2,8.1578947368421
"N780SK",125,858.152,9.85483870967742
"N780SW",66,715.530303030303,12.6969696969697
"N781NC",10,690.4,8.22222222222222
"N781WN",63,750.888888888889,4.58730158730159
"N78285",225,1124.84444444444,4.81614349775785
"N782NC",19,692.684210526316,15.9444444444444
"N782SA",74,703.297297297297,4.84931506849315
"N782SK",72,840.291666666667,6.88888888888889
"N783NC",14,692.5,6.38461538461539
"N783SK",191,835.246073298429,6.31052631578947
"N783SW",69,781.173913043478,12.4202898550725
"N78438",228,1137.67105263158,5.39035087719298
"N784NC",14,693.5,3.92857142857143
"N784SK",128,824.4765625,9.33070866141732
"N784SW",69,732.405797101449,4.92647058823529
"N78501",278,1130.69784172662,5.1726618705036
"N78506",241,1141.52697095436,6.36929460580913
"N78509",233,1137.51072961373,4.00429184549356
"N78511",233,1130.66094420601,4.96137339055794
"N78524",237,1110.18143459916,6.21610169491525
"N785NC",23,690.521739130435,3.30434782608696
"N785SK",235,890.940425531915,5.54077253218884
"N785SW",58,676.551724137931,2.67241379310345
"N786NC",12,690.75,9
"N786SK",180,846.516666666667,6.76111111111111
"N786SW",71,695.760563380282,2.7887323943662
"N787NC",21,691,15.2941176470588
"N787SA",67,689.835820895522,2.01492537313433
"N787SK",99,870.333333333333,0.824742268041237
"N78866",288,1123.22569444444,9.4375
"N788SA",76,784.894736842105,1.94666666666667
"N788SK",124,850.653225806452,9.49586776859504
"N789JB",2,1428,0.5
"N789SK",163,840.294478527607,3.62962962962963
"N789SW",70,667.571428571429,5.21428571428571
"N79011",12,1400,13.6666666666667
"N790SK",158,909.417721518987,5.03205128205128
"N790SW",62,754.612903225806,12.0655737704918
"N791SK",108,883.361111111111,11.9339622641509
"N791SW",86,716.604651162791,6.30120481927711
"N79279",228,1143.77192982456,4.64757709251101
"N792SK",87,894.942528735632,3.38372093023256
"N792SW",63,699.730158730159,6.87096774193548
"N793SA",55,728.981818181818,3.69090909090909
"N793SK",157,852.802547770701,0.826923076923077
"N79402",498,1131.75301204819,6.65863453815261
"N794SK",194,876.211340206186,7.42245989304813
"N794SW",68,699.882352941176,1.375
"N79521",188,1147.53723404255,2.96276595744681
"N795SK",180,845.788888888889,2.83240223463687
"N795SW",59,661.423728813559,4.42372881355932
"N796SK",162,875.734567901235,5.27950310559006
"N796SW",57,696.157894736842,7.43636363636364
"N797MX",62,789.661290322581,13.9666666666667
"N797SK",142,842.746478873239,8.26428571428571
"N798SW",60,755.833333333333,9.4
"N799SW",77,818.415584415584,1.68
"N801UA",7,1206.71428571429,21.2857142857143
"N802FR",2,883,22
"N802MQ",15,247,5
"N802SK",49,1175.28571428571,0.0416666666666667
"N803FR",6,883,49.6666666666667
"N803MQ",20,247,8.83333333333333
"N804FR",1,883,4
"N804MQ",17,247,5.8
"N804UA",4,1057.5,17
"N805FR",5,883,28.8
"N805MQ",2,247,3
"N806MQ",12,247,6
"N806SK",58,1178.34482758621,1.06896551724138
"N807AW",21,1009,7.85714285714286
"N807MQ",10,247,4.4
"N807UA",5,1071.4,5.8
"N808UA",4,1190,8.33333333333333
"N810SK",51,1172.90196078431,11.78
"N811MQ",11,247,8.36363636363636
"N812UA",5,1124.4,30.6
"N813MQ",11,247,10.1818181818182
"N813UA",7,1105.28571428571,13.5714285714286
"N814MQ",8,247,9.85714285714286
"N814UA",10,1109.6,9.8
"N815SK",45,1177.11111111111,2.73333333333333
"N816MQ",6,247,16.5
"N816UA",8,1108,1.875
"N817MQ",13,247,2.38461538461538
"N817SK",43,1180.02325581395,0.642857142857143
"N817UA",15,1151.13333333333,7.66666666666667
"N818UA",5,1058.8,13.8
"N819MQ",9,247,56
"N820AW",21,1009,1.23809523809524
"N820MQ",5,247,27
"N820SK",48,1174.875,0.531914893617021
"N820UA",4,1108,1.75
"N822MQ",8,247,3
"N823AS",8,468.5,4.625
"N823MQ",17,247,16.4375
"N823UA",3,971.333333333333,14
"N824UA",1,1190,20
"N825MQ",7,247,17.5714285714286
"N826MQ",7,247,29.1666666666667
"N827MQ",10,247,10.9
"N827UA",4,1153,9.25
"N828UA",5,1226,18
"N829UA",5,1071.4,15.6
"N830MQ",10,247,1.55555555555556
"N830UA",4,1123.75,12
"N831MQ",25,247,19.88
"N831UA",4,1108,31
"N832MQ",20,247,12.7368421052632
"N833UA",3,1080.66666666667,43
"N834MQ",16,247,10
"N834UA",7,1105.28571428571,18.5714285714286
"N835UA",2,1190,2
"N836AW",11,1009,5.63636363636364
"N836MQ",18,247,3.05555555555556
"N836UA",10,1137,1.6
"N837MQ",5,247,9.6
"N837UA",3,1101.66666666667,72.3333333333333
"N838MQ",9,247,11.5
"N839AS",5,468.8,27.4
"N839MQ",7,247,21
"N840UA",6,1145.83333333333,0.333333333333333
"N842AS",9,468.555555555556,15.5555555555556
"N842MQ",5,247,18.4
"N843AS",14,468.5,6.61538461538461
"N843MQ",11,247,1.54545454545455
"N845MQ",11,247,8.72727272727273
"N845UA",8,1115.875,2.25
"N846MQ",1,247,23
"N846UA",3,1250,95.6666666666667
"N847MQ",6,247,3.5
"N847UA",10,1005.8,5
"N849UA",7,1020.57142857143,19.1428571428571
"N850AS",4,468.25,22.25
"N850UA",7,1020.57142857143,7.14285714285714
"N851AS",18,468.166666666667,5.94117647058824
"N851MQ",18,247,1.94444444444444
"N851UA",3,883,32
"N852MQ",3,247,2
"N854MQ",2,813,41.5
"N854UA",9,1051.22222222222,26
"N855UA",4,1412.5,6
"N856AS",10,491.2,16.4444444444444
"N858AS",6,468.666666666667,4.33333333333333
"N858MQ",4,247,16.25
"N859AS",7,468.142857142857,5.85714285714286
"N861AS",3,468.666666666667,5.5
"N87507",248,1092.71370967742,3.72983870967742
"N87512",238,1100.07142857143,4.45378151260504
"N87513",239,1175.27615062762,4.37394957983193
"N87527",231,1102.93939393939,7.29437229437229
"N87531",188,1120.03723404255,4.45744680851064
"N875AS",10,468.6,1.6
"N876AS",6,468.166666666667,0.166666666666667
"N882AS",9,468.444444444444,3.66666666666667
"N884AS",10,468.2,8.7
"N885AS",7,468.142857142857,17
"N891AT",17,683.882352941176,4.52941176470588
"N895AT",14,681.285714285714,11.6923076923077
"N899AT",17,696,25.3529411764706
"N8EGMQ",67,1168.94029850746,3.22727272727273
"N900DE",12,690.166666666667,12
"N900MQ",27,247,13.9259259259259
"N900WN",84,631.297619047619,6.24390243902439
"N901WN",71,755.042253521127,14
"N902EV",9,468.444444444444,3.66666666666667
"N902FR",21,883,2.47619047619048
"N902MQ",6,247,19.5
"N902WN",67,716.059701492537,2.73846153846154
"N903DE",11,721.636363636364,5.72727272727273
"N903FJ",2,913,2.5
"N903SW",37,595.972972972973,12.5675675675676
"N903WN",54,787.166666666667,9.74074074074074
"N904DE",9,690.555555555556,7.44444444444444
"N904DL",8,689.875,6.25
"N904EV",6,468.166666666667,19.3333333333333
"N904FR",24,883,3.875
"N904WN",66,670.787878787879,10.7076923076923
"N905DE",13,689.538461538462,30.1538461538462
"N905FJ",1,913,6
"N905FR",22,883,12.3636363636364
"N905MQ",10,247,1.2
"N905SW",26,642.538461538462,22.3076923076923
"N905WN",60,729.583333333333,13.4107142857143
"N906DE",11,689.636363636364,2.27272727272727
"N906DL",6,689,42
"N906EV",14,468.285714285714,0.0714285714285714
"N906FR",14,883,3.28571428571429
"N906MQ",16,247,17
"N906SW",27,589.925925925926,27.1923076923077
"N906WN",74,750.891891891892,6.68918918918919
"N907DE",13,689.538461538462,0.846153846153846
"N907MQ",6,247,15.6666666666667
"N907SW",21,662.095238095238,17.6190476190476
"N907WN",59,713.762711864407,2.01724137931034
"N908DE",9,689.777777777778,27.4444444444444
"N908DL",16,690.3125,6.5
"N908FR",22,883,4.13636363636364
"N908MQ",10,247,7.7
"N908SW",67,560.626865671642,11.2615384615385
"N908WN",71,702.380281690141,1.85294117647059
"N909DE",12,689.583333333333,4.5
"N909DL",8,691.625,2.375
"N909FJ",1,913,21
"N909MQ",20,247,6.95
"N909SW",30,655.566666666667,22.1071428571429
"N909WN",82,621.512195121951,10.8780487804878
"N910AT",21,676.380952380952,0.619047619047619
"N910DL",6,691.333333333333,21.1666666666667
"N910FJ",2,913,24.5
"N910FR",8,883,18
"N910SW",32,576.71875,10.0967741935484
"N910WN",62,604.290322580645,4.33870967741935
"N911DA",5,689,65
"N912DE",8,689.875,6.125
"N912DL",18,709.333333333333,6.33333333333333
"N912FJ",2,913,29
"N912FR",15,883,4.85714285714286
"N912SW",21,536.761904761905,23.3888888888889
"N912WN",70,745.114285714286,5.05714285714286
"N913DE",10,689,0.2
"N913SW",47,629.170212765957,21.0425531914894
"N913WN",41,637.658536585366,8
"N914DE",7,690,14.1428571428571
"N914DL",12,689.583333333333,40.5833333333333
"N914EV",4,468.5,17.5
"N914FJ",2,912.5,8
"N914FR",22,883,15.6818181818182
"N914WN",53,618.88679245283,7.33962264150943
"N915SW",53,570.452830188679,14.4038461538462
"N915WN",60,742.15,7.53333333333333
"N916DE",13,690.615384615385,4.30769230769231
"N916DL",8,689,1.375
"N916EV",11,468.181818181818,22.6363636363636
"N916FJ",3,913,7.66666666666667
"N916SW",27,615.518518518518,7.03846153846154
"N916WN",68,756.279411764706,1.40298507462687
"N917DE",10,690.4,0.1
"N917EV",8,468.5,1.5
"N917SW",55,564.090909090909,27.3584905660377
"N917WN",63,707.920634920635,3.22222222222222
"N918DE",10,691.1,1.9
"N918FJ",5,912.8,5
"N918FR",17,883,8.11764705882353
"N918MQ",26,247,15.1538461538462
"N918SW",48,660.333333333333,16.8260869565217
"N918WN",71,689.760563380282,5.45714285714286
"N919DL",12,690.166666666667,5.08333333333333
"N919DN",7,689,2.42857142857143
"N919FJ",3,913,5.33333333333333
"N919FR",20,872.15,7.55
"N919SW",42,619.52380952381,23.780487804878
"N919WN",65,645.092307692308,7.40625
"N920EV",5,468.6,63.2
"N920FJ",2,913,3
"N920FR",26,883,13.4230769230769
"N920SW",39,675.461538461538,21.6666666666667
"N920WN",60,872.366666666667,4.98333333333333
"N921FR",36,883,5.05555555555556
"N921WN",79,690.405063291139,6.76623376623377
"N9222N",59,660.457627118644,8.32203389830508
"N922AT",26,648.461538461538,5.48
"N922DL",10,691.1,21.6
"N922DX",1,689,2
"N922EV",6,569.333333333333,19.1666666666667
"N922FJ",4,913,13.75
"N922FR",32,883,10.46875
"N922MQ",11,247,22.0909090909091
"N923AT",16,683.125,7.75
"N923DL",9,689,1.44444444444444
"N923FR",35,883,17.3714285714286
"N923SW",61,750.655737704918,24.6140350877193
"N923WN",56,733.089285714286,1.23636363636364
"N924EV",3,468.333333333333,7.5
"N924FR",20,883,5
"N924SW",37,567.459459459459,18.1944444444444
"N924WN",73,635.054794520548,11.4520547945205
"N925DL",10,689,11.1
"N925FJ",1,913,3
"N925FR",27,883,16.6296296296296
"N925MQ",14,247,3.08333333333333
"N925SW",20,652.35,14.8421052631579
"N925WN",63,715.253968253968,7.80952380952381
"N926DL",9,690.555555555556,18.125
"N926FR",23,883,3.65217391304348
"N926LR",2,913,7
"N926SW",39,475.205128205128,14.6315789473684
"N927AT",19,663.473684210526,13.0526315789474
"N927DA",18,689.388888888889,4.88888888888889
"N927DN",2,689,6
"N927FR",23,883,5.26086956521739
"N927LR",3,912.666666666667,21.3333333333333
"N927SW",43,558.511627906977,11.2619047619048
"N927WN",74,739.716216216216,9.58108108108108
"N928AT",18,696,0.333333333333333
"N928DL",7,690,25.8571428571429
"N928FR",16,883,2.75
"N928SW",27,695.555555555556,16.5555555555556
"N928WN",90,690.388888888889,12.6966292134831
"N929DL",12,689,16.9166666666667
"N929DN",2,689,215
"N929EV",9,468.333333333333,43.4444444444444
"N929FR",27,883,13.4814814814815
"N929LR",3,912.666666666667,25.3333333333333
"N929SW",54,592.518518518518,28.1111111111111
"N929WN",82,687.719512195122,8.20731707317073
"N930DL",11,689,5.27272727272727
"N930FR",31,883,5.87096774193548
"N930SW",38,561.868421052632,11.7777777777778
"N930WN",72,744.875,7.15714285714286
"N931DL",18,689.777777777778,4.66666666666667
"N931FR",19,883,7.78947368421053
"N931MQ",22,247,0.1
"N931WN",72,732.402777777778,2.01388888888889
"N932EV",4,468,55.25
"N932FR",24,883,3.91666666666667
"N932SW",21,521.52380952381,24.65
"N932WN",58,775.293103448276,3.24137931034483
"N933AT",15,682.266666666667,4.93333333333333
"N933EV",4,468.5,1.25
"N933FR",22,883,7.77272727272727
"N933WN",66,655,7.26984126984127
"N934AT",18,661.666666666667,22.0588235294118
"N934DL",15,689.933333333333,14.4666666666667
"N934FJ",1,913,45
"N934FR",19,883,7.31578947368421
"N934SW",40,588.8,15.9411764705882
"N934WN",63,798,6.47540983606557
"N935AT",16,683.125,5.0625
"N935FR",19,883,12.2631578947368
"N935MQ",21,247,5.25
"N935SW",44,657.522727272727,23.0232558139535
"N935WN",63,708.68253968254,8.03225806451613
"N936DL",5,690.4,31.4
"N936EV",3,468.333333333333,30.3333333333333
"N936FR",12,883,0.75
"N936SW",50,591.14,24.5416666666667
"N936WN",86,763.53488372093,8.16666666666667
"N937DL",16,689.875,2.0625
"N937SW",27,638.037037037037,11.5925925925926
"N937WN",59,727.830508474576,2.40677966101695
"N938FR",25,883,4.84
"N938LR",2,912.5,12
"N938SW",37,600.891891891892,16.2972972972973
"N938WN",66,705.621212121212,7.90476190476191
"N939FR",21,883,0.523809523809524
"N939MQ",13,247,1.5
"N939SW",45,587.066666666667,22.780487804878
"N939WN",77,762.168831168831,8.65333333333333
"N940WN",83,622.024096385542,6.48192771084337
"N941DL",7,689,2.14285714285714
"N941FR",9,883,14.1111111111111
"N941MQ",28,247,10.36
"N941SW",39,565.769230769231,11.5945945945946
"N941WN",70,649.814285714286,5.52173913043478
"N942FR",18,883,4.44444444444444
"N942MQ",6,247,9
"N943FR",10,883,7.1
"N943SW",59,613.254237288136,16.0892857142857
"N943WN",78,713.615384615385,4.05194805194805
"N944SW",28,583.785714285714,7.28571428571429
"N944UW",14,1325,5.53846153846154
"N944WN",58,725.758620689655,5.3859649122807
"N945AT",10,675.4,8.6
"N945DL",14,689,0.857142857142857
"N945FR",13,883,1.61538461538462
"N945SW",33,566.848484848485,30.9677419354839
"N945UW",14,1325,11.2857142857143
"N945WN",61,828.83606557377,4.50819672131148
"N946DL",16,689.875,7.6875
"N946SW",59,606.305084745763,14.9642857142857
"N946WN",73,707.301369863014,3.30555555555556
"N947FR",25,883,7.44
"N947SW",60,637.65,23.4833333333333
"N947WN",64,706.46875,4.25
"N948FR",9,883,1.66666666666667
"N948SW",25,561.84,26.7916666666667
"N948WN",80,782.9625,9.77215189873418
"N949AT",20,696,4.3
"N949FR",10,883,7
"N949WN",75,699.573333333333,2.34722222222222
"N950WN",53,676.962264150943,6.69230769230769
"N951AT",15,696,28.4
"N951DL",15,689.466666666667,8.2
"N951FR",10,883,2.5
"N951SW",8,517.5,25
"N951WN",77,708.688311688312,9.02631578947368
"N952DL",14,689.5,16.2142857142857
"N952FR",12,883,2.16666666666667
"N952SW",34,605.764705882353,20.7878787878788
"N952UW",24,1325,7.16666666666667
"N952WN",72,709.833333333333,13.0422535211268
"N953DL",3,693.666666666667,2
"N953FR",9,883,9.22222222222222
"N953SW",22,712.272727272727,12.6666666666667
"N953WN",60,725.716666666667,7.05084745762712
"N954SW",71,645.605633802817,14.2394366197183
"N954WN",61,717.409836065574,3.88333333333333
"N955AT",19,696,4.21052631578947
"N955SW",22,608.545454545455,13.1363636363636
"N956AT",27,680.740740740741,4.07407407407407
"N956DL",7,689,8.71428571428571
"N956LR",3,913,1
"N956SW",23,618.04347826087,27.0869565217391
"N956UW",23,1325,3.47826086956522
"N956WN",51,747.901960784314,15.921568627451
"N957AT",18,696,0.833333333333333
"N957SW",47,553.617021276596,21.9565217391304
"N957UW",16,1325,2.375
"N957WN",49,652.367346938776,0.541666666666667
"N958AT",14,696,5.42857142857143
"N958DL",9,690.555555555556,6.77777777777778
"N958SW",51,636.901960784314,9.96
"N958WN",34,774.294117647059,7.59375
"N959AT",15,696,17.2
"N959DL",11,689,3.72727272727273
"N959SW",32,593.625,23.9032258064516
"N959WN",32,574.5,6.21875
"N960AT",20,696,3.22222222222222
"N960SW",53,594.547169811321,9
"N960WN",22,788.136363636364,5.5
"N961AT",22,677.272727272727,4.68181818181818
"N961SW",63,618.253968253968,20.3548387096774
"N961WN",24,921,0.0416666666666667
"N962DL",11,689,38.2727272727273
"N962SW",23,647.695652173913,48.1739130434783
"N963AT",17,696,3.29411764705882
"N963SW",42,581.785714285714,19.9487179487179
"N964SW",59,618.576271186441,13.8474576271186
"N964WN",18,545.833333333333,3.77777777777778
"N965AT",12,696,5.66666666666667
"N965DL",15,690.866666666667,0.785714285714286
"N965SW",30,573.1,9
"N966AT",16,683.125,9.1875
"N966DL",16,689.4375,4.4375
"N966WN",21,701.142857142857,4.47619047619048
"N967AT",21,676.380952380952,5.23809523809524
"N967DL",14,689,21.0714285714286
"N967SW",44,705.977272727273,21.6578947368421
"N967WN",10,889.2,4.8
"N969AT",8,670.25,2.5
"N969DL",11,689.636363636364,26.2727272727273
"N969SW",26,646.692307692308,21.96
"N970AT",13,680.153846153846,10.6666666666667
"N970SW",25,412.88,27.2608695652174
"N971EV",7,468.142857142857,35.2857142857143
"N971SW",67,596.850746268657,16.0307692307692
"N973SW",43,544.511627906977,20.9285714285714
"N974AT",18,661.666666666667,24.8888888888889
"N974EV",4,468,35
"N975SW",42,590.380952380952,22.675
"N976DL",9,690.555555555556,11.7777777777778
"N976SW",48,557.854166666667,6.91489361702128
"N977AT",22,667.909090909091,7
"N977DL",9,689.777777777778,0.111111111111111
"N978AT",14,666.571428571429,0.857142857142857
"N978EV",9,493.555555555556,34.875
"N978SW",69,593.753623188406,18.6323529411765
"N979AT",24,696,5.14285714285714
"N979DL",6,689,2
"N979EV",11,468.181818181818,2
"N979SW",25,592.2,16.56
"N980AT",24,687.416666666667,4.41666666666667
"N980SW",21,584.904761904762,13.7142857142857
"N981DL",10,690.4,18.4
"N982DL",9,689,1.55555555555556
"N982SW",47,565.787234042553,15.1304347826087
"N983CA",50,659.3,12.4883720930233
"N983SW",27,550.296296296296,12.1538461538462
"N984CA",56,575.303571428571,15.0545454545455
"N985AT",9,673.111111111111,6.33333333333333
"N985DL",15,689.933333333333,2.06666666666667
"N986CA",38,565.263157894737,22.3611111111111
"N986SW",62,601.596774193548,19.0847457627119
"N987DL",11,690.272727272727,12.3
"N988AT",17,659.647058823529,6.23529411764706
"N988CA",19,537.789473684211,27
"N988DL",13,689,5.69230769230769
"N989AT",12,678.833333333333,4.41666666666667
"N989DL",11,689,5.63636363636364
"N991DL",12,689,16
"N992AT",19,685.157894736842,3.52631578947368
"N993DL",9,689,1.77777777777778
"N994AT",19,696,6.84210526315789
"N994DL",8,689,10.625
"N995AT",13,680.153846153846,3.66666666666667
"N995DL",12,689,19.1666666666667
"N996AT",20,696,1.85
"N996DL",6,689,8
"N997AT",12,696,31
"N9EAMQ",44,1162.31818181818,12.5454545454545
